Id,Category
0,Boat
1,Van
2,Truck
3,Van
4,Bicycle
5,Car
6,Car
7,Boat
8,Tank
9,Car
10,Motorcycle
11,Car
12,Bicycle
13,Bus
14,Car
15,Bus
16,Tank
17,Car
18,Car
19,Car
20,Car
21,Car
22,Car
23,Car
24,Bicycle
25,Bicycle
26,Car
27,Car
28,Car
29,Car
30,Boat
31,Car
32,Taxi
33,Car
34,Car
35,Car
36,Car
37,Boat
38,Van
39,Motorcycle
40,Boat
41,Truck
42,Helicopter
43,Car
44,Bicycle
45,Car
46,Bicycle
47,Truck
48,Motorcycle
49,Bicycle
50,Bicycle
51,Car
52,Boat
53,Ambulance
54,Car
55,Boat
56,Boat
57,Boat
58,Helicopter
59,Van
60,Car
61,Car
62,Bicycle
63,Boat
64,Van
65,Van
66,Car
67,Boat
68,Boat
69,Car
70,Bicycle
71,Truck
72,Boat
73,Car
74,Motorcycle
75,Car
76,Truck
77,Boat
78,Truck
79,Boat
80,Taxi
81,Car
82,Bus
83,Car
84,Bus
85,Van
86,Boat
87,Helicopter
88,Boat
89,Ambulance
90,Truck
91,Van
92,Boat
93,Helicopter
94,Car
95,Truck
96,Boat
97,Truck
98,Car
99,Helicopter
100,Bicycle
101,Car
102,Car
103,Truck
104,Truck
105,Boat
106,Taxi
107,Truck
108,Truck
109,Car
110,Car
111,Motorcycle
112,Car
113,Car
114,Car
115,Car
116,Car
117,Car
118,Tank
119,Boat
120,Car
121,Helicopter
122,Helicopter
123,Boat
124,Boat
125,Car
126,Car
127,Car
128,Boat
129,Van
130,Bus
131,Car
132,Car
133,Bicycle
134,Car
135,Van
136,Van
137,Motorcycle
138,Taxi
139,Motorcycle
140,Boat
141,Bicycle
142,Motorcycle
143,Car
144,Car
145,Truck
146,Truck
147,Motorcycle
148,Truck
149,Car
150,Truck
151,Motorcycle
152,Car
153,Caterpillar
154,Car
155,Car
156,Car
157,Segway
158,Car
159,Van
160,Car
161,Truck
162,Bus
163,Bus
164,Car
165,Boat
166,Car
167,Car
168,Boat
169,Car
170,Tank
171,Truck
172,Car
173,Caterpillar
174,Motorcycle
175,Car
176,Car
177,Truck
178,Car
179,Car
180,Van
181,Helicopter
182,Car
183,Helicopter
184,Van
185,Bicycle
186,Motorcycle
187,Boat
188,Boat
189,Car
190,Boat
191,Boat
192,Truck
193,Motorcycle
194,Truck
195,Van
196,Boat
197,Boat
198,Car
199,Car
200,Car
201,Tank
202,Van
203,Car
204,Car
205,Motorcycle
206,Caterpillar
207,Car
208,Car
209,Truck
210,Car
211,Car
212,Motorcycle
213,Van
214,Taxi
215,Boat
216,Ambulance
217,Helicopter
218,Car
219,Car
220,Bus
221,Car
222,Boat
223,Car
224,Van
225,Truck
226,Boat
227,Car
228,Helicopter
229,Van
230,Car
231,Bicycle
232,Truck
233,Car
234,Bicycle
235,Motorcycle
236,Boat
237,Car
238,Motorcycle
239,Helicopter
240,Car
241,Boat
242,Boat
243,Car
244,Car
245,Helicopter
246,Truck
247,Car
248,Boat
249,Bus
250,Bicycle
251,Car
252,Truck
253,Helicopter
254,Car
255,Bicycle
256,Car
257,Car
258,Truck
259,Bicycle
260,Boat
261,Boat
262,Bicycle
263,Boat
264,Truck
265,Bicycle
266,Boat
267,Boat
268,Car
269,Segway
270,Boat
271,Car
272,Taxi
273,Car
274,Car
275,Car
276,Car
277,Tank
278,Car
279,Car
280,Boat
281,Bicycle
282,Car
283,Boat
284,Helicopter
285,Boat
286,Van
287,Motorcycle
288,Car
289,Helicopter
290,Bicycle
291,Truck
292,Boat
293,Car
294,Car
295,Boat
296,Boat
297,Car
298,Taxi
299,Car
300,Car
301,Car
302,Car
303,Car
304,Caterpillar
305,Car
306,Van
307,Boat
308,Car
309,Car
310,Car
311,Car
312,Car
313,Car
314,Car
315,Car
316,Boat
317,Car
318,Car
319,Boat
320,Car
321,Bus
322,Car
323,Car
324,Truck
325,Bus
326,Car
327,Helicopter
328,Car
329,Segway
330,Car
331,Car
332,Car
333,Car
334,Truck
335,Car
336,Car
337,Motorcycle
338,Boat
339,Car
340,Car
341,Car
342,Truck
343,Car
344,Helicopter
345,Car
346,Car
347,Car
348,Truck
349,Motorcycle
350,Car
351,Car
352,Car
353,Boat
354,Car
355,Boat
356,Car
357,Bicycle
358,Car
359,Car
360,Car
361,Car
362,Truck
363,Car
364,Van
365,Helicopter
366,Car
367,Car
368,Car
369,Car
370,Boat
371,Car
372,Boat
373,Truck
374,Car
375,Car
376,Bicycle
377,Car
378,Taxi
379,Car
380,Boat
381,Helicopter
382,Car
383,Bus
384,Van
385,Boat
386,Car
387,Truck
388,Motorcycle
389,Car
390,Boat
391,Car
392,Bicycle
393,Motorcycle
394,Car
395,Car
396,Boat
397,Car
398,Truck
399,Truck
400,Car
401,Car
402,Car
403,Car
404,Motorcycle
405,Car
406,Car
407,Helicopter
408,Car
409,Car
410,Van
411,Boat
412,Van
413,Car
414,Truck
415,Helicopter
416,Truck
417,Truck
418,Bicycle
419,Car
420,Bicycle
421,Bus
422,Bicycle
423,Boat
424,Bus
425,Car
426,Boat
427,Car
428,Car
429,Van
430,Car
431,Van
432,Car
433,Truck
434,Car
435,Bus
436,Car
437,Car
438,Boat
439,Motorcycle
440,Car
441,Boat
442,Car
443,Truck
444,Motorcycle
445,Bicycle
446,Car
447,Van
448,Car
449,Car
450,Car
451,Truck
452,Bicycle
453,Boat
454,Car
455,Car
456,Car
457,Car
458,Car
459,Car
460,Car
461,Car
462,Car
463,Car
464,Motorcycle
465,Bus
466,Helicopter
467,Motorcycle
468,Car
469,Car
470,Car
471,Car
472,Boat
473,Car
474,Car
475,Boat
476,Truck
477,Boat
478,Car
479,Boat
480,Boat
481,Boat
482,Car
483,Truck
484,Car
485,Boat
486,Truck
487,Car
488,Car
489,Car
490,Car
491,Boat
492,Car
493,Bicycle
494,Boat
495,Tank
496,Car
497,Boat
498,Van
499,Bus
500,Car
501,Car
502,Truck
503,Car
504,Boat
505,Car
506,Car
507,Car
508,Car
509,Car
510,Bus
511,Snowmobile
512,Car
513,Car
514,Truck
515,Truck
516,Car
517,Car
518,Car
519,Bicycle
520,Bicycle
521,Car
522,Car
523,Boat
524,Truck
525,Helicopter
526,Car
527,Car
528,Bicycle
529,Motorcycle
530,Car
531,Boat
532,Van
533,Car
534,Car
535,Bus
536,Car
537,Van
538,Bicycle
539,Car
540,Helicopter
541,Van
542,Helicopter
543,Helicopter
544,Car
545,Car
546,Boat
547,Bicycle
548,Truck
549,Helicopter
550,Truck
551,Bicycle
552,Car
553,Boat
554,Truck
555,Car
556,Boat
557,Bicycle
558,Car
559,Car
560,Truck
561,Motorcycle
562,Motorcycle
563,Boat
564,Helicopter
565,Boat
566,Taxi
567,Car
568,Car
569,Boat
570,Truck
571,Car
572,Car
573,Car
574,Car
575,Car
576,Bicycle
577,Car
578,Bus
579,Motorcycle
580,Car
581,Van
582,Car
583,Car
584,Helicopter
585,Motorcycle
586,Boat
587,Car
588,Bicycle
589,Boat
590,Boat
591,Taxi
592,Helicopter
593,Car
594,Car
595,Boat
596,Truck
597,Bicycle
598,Truck
599,Car
600,Car
601,Boat
602,Car
603,Truck
604,Car
605,Boat
606,Boat
607,Truck
608,Boat
609,Car
610,Boat
611,Car
612,Boat
613,Car
614,Car
615,Helicopter
616,Helicopter
617,Car
618,Car
619,Boat
620,Taxi
621,Truck
622,Car
623,Caterpillar
624,Helicopter
625,Car
626,Boat
627,Motorcycle
628,Car
629,Helicopter
630,Boat
631,Bicycle
632,Bus
633,Car
634,Boat
635,Car
636,Car
637,Car
638,Bus
639,Bicycle
640,Van
641,Car
642,Car
643,Taxi
644,Bus
645,Car
646,Motorcycle
647,Bus
648,Motorcycle
649,Boat
650,Boat
651,Boat
652,Car
653,Boat
654,Car
655,Boat
656,Car
657,Bus
658,Bus
659,Boat
660,Boat
661,Car
662,Truck
663,Car
664,Boat
665,Car
666,Boat
667,Car
668,Car
669,Car
670,Car
671,Helicopter
672,Car
673,Car
674,Car
675,Car
676,Boat
677,Truck
678,Truck
679,Truck
680,Boat
681,Van
682,Car
683,Truck
684,Car
685,Bicycle
686,Car
687,Truck
688,Boat
689,Car
690,Car
691,Car
692,Car
693,Car
694,Car
695,Boat
696,Boat
697,Car
698,Car
699,Car
700,Van
701,Van
702,Motorcycle
703,Bicycle
704,Truck
705,Van
706,Car
707,Car
708,Helicopter
709,Helicopter
710,Bus
711,Car
712,Car
713,Car
714,Segway
715,Car
716,Car
717,Car
718,Truck
719,Boat
720,Boat
721,Helicopter
722,Car
723,Boat
724,Car
725,Truck
726,Truck
727,Motorcycle
728,Car
729,Bicycle
730,Car
731,Snowmobile
732,Truck
733,Boat
734,Taxi
735,Motorcycle
736,Caterpillar
737,Van
738,Car
739,Boat
740,Bicycle
741,Car
742,Boat
743,Car
744,Car
745,Boat
746,Truck
747,Car
748,Van
749,Boat
750,Boat
751,Car
752,Truck
753,Motorcycle
754,Car
755,Car
756,Car
757,Boat
758,Car
759,Helicopter
760,Car
761,Truck
762,Helicopter
763,Boat
764,Car
765,Car
766,Caterpillar
767,Motorcycle
768,Truck
769,Car
770,Motorcycle
771,Motorcycle
772,Motorcycle
773,Boat
774,Bus
775,Car
776,Car
777,Car
778,Car
779,Boat
780,Car
781,Boat
782,Car
783,Car
784,Van
785,Truck
786,Car
787,Car
788,Car
789,Car
790,Car
791,Car
792,Car
793,Car
794,Car
795,Car
796,Car
797,Segway
798,Van
799,Tank
800,Boat
801,Car
802,Motorcycle
803,Motorcycle
804,Van
805,Truck
806,Car
807,Car
808,Boat
809,Car
810,Helicopter
811,Car
812,Caterpillar
813,Truck
814,Van
815,Car
816,Car
817,Car
818,Boat
819,Boat
820,Boat
821,Car
822,Truck
823,Truck
824,Truck
825,Car
826,Boat
827,Car
828,Car
829,Car
830,Van
831,Motorcycle
832,Car
833,Helicopter
834,Car
835,Segway
836,Car
837,Bus
838,Taxi
839,Car
840,Car
841,Car
842,Car
843,Truck
844,Car
845,Caterpillar
846,Truck
847,Truck
848,Boat
849,Bicycle
850,Van
851,Truck
852,Car
853,Car
854,Car
855,Car
856,Truck
857,Car
858,Car
859,Car
860,Car
861,Boat
862,Boat
863,Car
864,Truck
865,Motorcycle
866,Bicycle
867,Bus
868,Car
869,Boat
870,Helicopter
871,Car
872,Boat
873,Boat
874,Bus
875,Car
876,Segway
877,Motorcycle
878,Car
879,Boat
880,Boat
881,Motorcycle
882,Car
883,Truck
884,Car
885,Taxi
886,Boat
887,Car
888,Car
889,Truck
890,Motorcycle
891,Van
892,Car
893,Motorcycle
894,Truck
895,Car
896,Boat
897,Car
898,Car
899,Truck
900,Motorcycle
901,Van
902,Car
903,Taxi
904,Boat
905,Car
906,Motorcycle
907,Boat
908,Car
909,Motorcycle
910,Segway
911,Car
912,Boat
913,Boat
914,Helicopter
915,Helicopter
916,Boat
917,Bus
918,Car
919,Car
920,Caterpillar
921,Bus
922,Car
923,Car
924,Boat
925,Car
926,Car
927,Bicycle
928,Boat
929,Car
930,Boat
931,Car
932,Bus
933,Van
934,Boat
935,Boat
936,Van
937,Car
938,Motorcycle
939,Bicycle
940,Car
941,Car
942,Bus
943,Motorcycle
944,Bicycle
945,Boat
946,Car
947,Truck
948,Car
949,Car
950,Car
951,Car
952,Car
953,Truck
954,Van
955,Helicopter
956,Car
957,Bicycle
958,Boat
959,Van
960,Car
961,Car
962,Car
963,Motorcycle
964,Boat
965,Car
966,Boat
967,Van
968,Caterpillar
969,Caterpillar
970,Truck
971,Car
972,Car
973,Car
974,Car
975,Car
976,Bus
977,Motorcycle
978,Car
979,Car
980,Boat
981,Truck
982,Car
983,Helicopter
984,Boat
985,Boat
986,Bicycle
987,Car
988,Taxi
989,Bicycle
990,Car
991,Boat
992,Car
993,Bicycle
994,Car
995,Motorcycle
996,Boat
997,Boat
998,Van
999,Bus
1000,Bus
1001,Boat
1002,Boat
1003,Car
1004,Helicopter
1005,Car
1006,Car
1007,Helicopter
1008,Car
1009,Van
1010,Car
1011,Bus
1012,Car
1013,Bicycle
1014,Car
1015,Truck
1016,Car
1017,Bus
1018,Car
1019,Car
1020,Car
1021,Car
1022,Car
1023,Boat
1024,Car
1025,Helicopter
1026,Truck
1027,Car
1028,Motorcycle
1029,Car
1030,Car
1031,Car
1032,Truck
1033,Car
1034,Taxi
1035,Bus
1036,Truck
1037,Bus
1038,Boat
1039,Car
1040,Car
1041,Car
1042,Helicopter
1043,Boat
1044,Ambulance
1045,Car
1046,Helicopter
1047,Truck
1048,Limousine
1049,Bicycle
1050,Van
1051,Tank
1052,Car
1053,Boat
1054,Caterpillar
1055,Motorcycle
1056,Taxi
1057,Car
1058,Bicycle
1059,Car
1060,Van
1061,Boat
1062,Bus
1063,Car
1064,Bus
1065,Boat
1066,Bus
1067,Car
1068,Motorcycle
1069,Boat
1070,Motorcycle
1071,Car
1072,Truck
1073,Truck
1074,Car
1075,Boat
1076,Truck
1077,Motorcycle
1078,Car
1079,Motorcycle
1080,Van
1081,Motorcycle
1082,Boat
1083,Car
1084,Car
1085,Boat
1086,Car
1087,Car
1088,Car
1089,Car
1090,Car
1091,Motorcycle
1092,Car
1093,Car
1094,Car
1095,Bicycle
1096,Tank
1097,Motorcycle
1098,Tank
1099,Car
1100,Car
1101,Boat
1102,Car
1103,Boat
1104,Segway
1105,Barge
1106,Car
1107,Car
1108,Car
1109,Helicopter
1110,Car
1111,Boat
1112,Helicopter
1113,Car
1114,Car
1115,Car
1116,Car
1117,Car
1118,Helicopter
1119,Car
1120,Bus
1121,Boat
1122,Truck
1123,Car
1124,Car
1125,Car
1126,Car
1127,Boat
1128,Motorcycle
1129,Bus
1130,Van
1131,Car
1132,Car
1133,Boat
1134,Car
1135,Car
1136,Boat
1137,Car
1138,Boat
1139,Car
1140,Car
1141,Van
1142,Car
1143,Bus
1144,Motorcycle
1145,Car
1146,Car
1147,Boat
1148,Truck
1149,Boat
1150,Car
1151,Car
1152,Car
1153,Car
1154,Car
1155,Helicopter
1156,Car
1157,Car
1158,Van
1159,Truck
1160,Van
1161,Motorcycle
1162,Car
1163,Motorcycle
1164,Car
1165,Boat
1166,Van
1167,Boat
1168,Boat
1169,Car
1170,Car
1171,Truck
1172,Car
1173,Car
1174,Boat
1175,Van
1176,Boat
1177,Car
1178,Boat
1179,Motorcycle
1180,Boat
1181,Boat
1182,Boat
1183,Helicopter
1184,Car
1185,Bicycle
1186,Car
1187,Car
1188,Car
1189,Boat
1190,Van
1191,Car
1192,Boat
1193,Car
1194,Car
1195,Car
1196,Truck
1197,Car
1198,Car
1199,Helicopter
1200,Truck
1201,Boat
1202,Boat
1203,Car
1204,Motorcycle
1205,Truck
1206,Bicycle
1207,Bicycle
1208,Car
1209,Bus
1210,Truck
1211,Car
1212,Boat
1213,Car
1214,Motorcycle
1215,Car
1216,Motorcycle
1217,Car
1218,Car
1219,Boat
1220,Boat
1221,Boat
1222,Boat
1223,Truck
1224,Car
1225,Helicopter
1226,Car
1227,Caterpillar
1228,Truck
1229,Car
1230,Car
1231,Motorcycle
1232,Truck
1233,Bicycle
1234,Car
1235,Car
1236,Helicopter
1237,Tank
1238,Car
1239,Bus
1240,Helicopter
1241,Car
1242,Car
1243,Car
1244,Segway
1245,Car
1246,Car
1247,Motorcycle
1248,Car
1249,Boat
1250,Car
1251,Car
1252,Car
1253,Tank
1254,Caterpillar
1255,Boat
1256,Boat
1257,Boat
1258,Car
1259,Truck
1260,Boat
1261,Car
1262,Car
1263,Motorcycle
1264,Car
1265,Boat
1266,Helicopter
1267,Van
1268,Boat
1269,Car
1270,Car
1271,Car
1272,Boat
1273,Car
1274,Car
1275,Boat
1276,Car
1277,Boat
1278,Car
1279,Car
1280,Car
1281,Van
1282,Car
1283,Car
1284,Boat
1285,Car
1286,Boat
1287,Car
1288,Boat
1289,Truck
1290,Car
1291,Helicopter
1292,Bicycle
1293,Bus
1294,Truck
1295,Car
1296,Car
1297,Car
1298,Tank
1299,Car
1300,Van
1301,Helicopter
1302,Truck
1303,Car
1304,Truck
1305,Car
1306,Car
1307,Car
1308,Boat
1309,Motorcycle
1310,Car
1311,Boat
1312,Motorcycle
1313,Boat
1314,Car
1315,Car
1316,Car
1317,Van
1318,Ambulance
1319,Truck
1320,Car
1321,Car
1322,Car
1323,Car
1324,Boat
1325,Segway
1326,Car
1327,Motorcycle
1328,Car
1329,Car
1330,Boat
1331,Motorcycle
1332,Car
1333,Boat
1334,Van
1335,Car
1336,Car
1337,Truck
1338,Truck
1339,Car
1340,Boat
1341,Boat
1342,Limousine
1343,Car
1344,Car
1345,Boat
1346,Car
1347,Van
1348,Van
1349,Helicopter
1350,Car
1351,Car
1352,Van
1353,Truck
1354,Helicopter
1355,Car
1356,Boat
1357,Car
1358,Car
1359,Car
1360,Car
1361,Car
1362,Bicycle
1363,Bicycle
1364,Car
1365,Boat
1366,Boat
1367,Boat
1368,Boat
1369,Car
1370,Car
1371,Car
1372,Car
1373,Car
1374,Car
1375,Helicopter
1376,Car
1377,Helicopter
1378,Bus
1379,Taxi
1380,Car
1381,Car
1382,Car
1383,Car
1384,Car
1385,Boat
1386,Car
1387,Car
1388,Truck
1389,Boat
1390,Car
1391,Segway
1392,Car
1393,Car
1394,Car
1395,Car
1396,Car
1397,Car
1398,Truck
1399,Snowmobile
1400,Truck
1401,Boat
1402,Car
1403,Car
1404,Car
1405,Car
1406,Car
1407,Boat
1408,Truck
1409,Car
1410,Helicopter
1411,Tank
1412,Car
1413,Van
1414,Car
1415,Boat
1416,Car
1417,Van
1418,Car
1419,Bicycle
1420,Boat
1421,Car
1422,Tank
1423,Boat
1424,Caterpillar
1425,Car
1426,Car
1427,Car
1428,Caterpillar
1429,Car
1430,Car
1431,Truck
1432,Truck
1433,Car
1434,Van
1435,Tank
1436,Car
1437,Van
1438,Car
1439,Helicopter
1440,Car
1441,Boat
1442,Van
1443,Bicycle
1444,Truck
1445,Bicycle
1446,Car
1447,Car
1448,Helicopter
1449,Car
1450,Car
1451,Boat
1452,Car
1453,Bicycle
1454,Van
1455,Boat
1456,Bicycle
1457,Motorcycle
1458,Car
1459,Van
1460,Car
1461,Car
1462,Car
1463,Boat
1464,Car
1465,Car
1466,Car
1467,Truck
1468,Boat
1469,Car
1470,Truck
1471,Helicopter
1472,Car
1473,Bicycle
1474,Boat
1475,Helicopter
1476,Car
1477,Car
1478,Truck
1479,Bicycle
1480,Car
1481,Car
1482,Car
1483,Car
1484,Truck
1485,Boat
1486,Boat
1487,Helicopter
1488,Car
1489,Car
1490,Truck
1491,Helicopter
1492,Bicycle
1493,Car
1494,Bicycle
1495,Car
1496,Car
1497,Car
1498,Bicycle
1499,Car
1500,Car
1501,Car
1502,Motorcycle
1503,Motorcycle
1504,Car
1505,Car
1506,Boat
1507,Car
1508,Car
1509,Helicopter
1510,Truck
1511,Van
1512,Van
1513,Taxi
1514,Car
1515,Helicopter
1516,Car
1517,Car
1518,Boat
1519,Boat
1520,Car
1521,Truck
1522,Car
1523,Van
1524,Car
1525,Car
1526,Car
1527,Boat
1528,Car
1529,Car
1530,Helicopter
1531,Boat
1532,Car
1533,Car
1534,Car
1535,Ambulance
1536,Car
1537,Bicycle
1538,Car
1539,Car
1540,Truck
1541,Truck
1542,Snowmobile
1543,Boat
1544,Truck
1545,Car
1546,Bicycle
1547,Car
1548,Bicycle
1549,Truck
1550,Boat
1551,Truck
1552,Bicycle
1553,Car
1554,Boat
1555,Van
1556,Helicopter
1557,Car
1558,Helicopter
1559,Car
1560,Car
1561,Car
1562,Car
1563,Boat
1564,Car
1565,Car
1566,Car
1567,Motorcycle
1568,Car
1569,Car
1570,Tank
1571,Car
1572,Boat
1573,Boat
1574,Car
1575,Car
1576,Truck
1577,Boat
1578,Helicopter
1579,Boat
1580,Car
1581,Boat
1582,Car
1583,Car
1584,Truck
1585,Motorcycle
1586,Car
1587,Helicopter
1588,Helicopter
1589,Helicopter
1590,Van
1591,Bicycle
1592,Motorcycle
1593,Truck
1594,Car
1595,Car
1596,Car
1597,Boat
1598,Car
1599,Truck
1600,Car
1601,Car
1602,Car
1603,Helicopter
1604,Car
1605,Boat
1606,Car
1607,Truck
1608,Helicopter
1609,Bicycle
1610,Bus
1611,Car
1612,Bicycle
1613,Car
1614,Car
1615,Boat
1616,Truck
1617,Truck
1618,Car
1619,Segway
1620,Boat
1621,Taxi
1622,Car
1623,Van
1624,Boat
1625,Car
1626,Car
1627,Motorcycle
1628,Car
1629,Car
1630,Segway
1631,Car
1632,Truck
1633,Car
1634,Car
1635,Truck
1636,Car
1637,Boat
1638,Bicycle
1639,Boat
1640,Car
1641,Caterpillar
1642,Boat
1643,Helicopter
1644,Motorcycle
1645,Car
1646,Helicopter
1647,Car
1648,Tank
1649,Car
1650,Car
1651,Car
1652,Motorcycle
1653,Truck
1654,Taxi
1655,Boat
1656,Boat
1657,Car
1658,Truck
1659,Motorcycle
1660,Motorcycle
1661,Helicopter
1662,Van
1663,Car
1664,Helicopter
1665,Boat
1666,Car
1667,Car
1668,Car
1669,Van
1670,Motorcycle
1671,Car
1672,Car
1673,Car
1674,Car
1675,Car
1676,Boat
1677,Van
1678,Car
1679,Car
1680,Boat
1681,Car
1682,Car
1683,Car
1684,Tank
1685,Car
1686,Car
1687,Car
1688,Car
1689,Car
1690,Boat
1691,Car
1692,Car
1693,Boat
1694,Motorcycle
1695,Van
1696,Truck
1697,Car
1698,Car
1699,Car
1700,Bicycle
1701,Car
1702,Boat
1703,Boat
1704,Car
1705,Boat
1706,Car
1707,Car
1708,Car
1709,Van
1710,Van
1711,Bus
1712,Car
1713,Car
1714,Car
1715,Car
1716,Car
1717,Car
1718,Helicopter
1719,Car
1720,Truck
1721,Boat
1722,Boat
1723,Car
1724,Bicycle
1725,Boat
1726,Helicopter
1727,Car
1728,Truck
1729,Boat
1730,Car
1731,Boat
1732,Boat
1733,Car
1734,Bicycle
1735,Truck
1736,Car
1737,Boat
1738,Motorcycle
1739,Car
1740,Car
1741,Bus
1742,Car
1743,Car
1744,Boat
1745,Car
1746,Truck
1747,Car
1748,Car
1749,Car
1750,Car
1751,Car
1752,Boat
1753,Car
1754,Truck
1755,Boat
1756,Car
1757,Car
1758,Bicycle
1759,Boat
1760,Boat
1761,Boat
1762,Car
1763,Car
1764,Car
1765,Car
1766,Boat
1767,Car
1768,Helicopter
1769,Car
1770,Car
1771,Truck
1772,Car
1773,Truck
1774,Car
1775,Car
1776,Boat
1777,Bus
1778,Car
1779,Car
1780,Car
1781,Car
1782,Car
1783,Car
1784,Boat
1785,Car
1786,Bicycle
1787,Car
1788,Car
1789,Caterpillar
1790,Car
1791,Car
1792,Car
1793,Helicopter
1794,Boat
1795,Segway
1796,Boat
1797,Car
1798,Van
1799,Car
1800,Car
1801,Truck
1802,Car
1803,Car
1804,Car
1805,Bus
1806,Car
1807,Boat
1808,Boat
1809,Car
1810,Car
1811,Car
1812,Car
1813,Segway
1814,Car
1815,Boat
1816,Car
1817,Car
1818,Car
1819,Car
1820,Boat
1821,Car
1822,Bicycle
1823,Car
1824,Truck
1825,Car
1826,Motorcycle
1827,Bicycle
1828,Boat
1829,Truck
1830,Truck
1831,Car
1832,Car
1833,Bicycle
1834,Truck
1835,Truck
1836,Car
1837,Boat
1838,Car
1839,Truck
1840,Car
1841,Truck
1842,Car
1843,Bus
1844,Car
1845,Tank
1846,Motorcycle
1847,Van
1848,Truck
1849,Boat
1850,Car
1851,Car
1852,Car
1853,Motorcycle
1854,Car
1855,Boat
1856,Boat
1857,Truck
1858,Truck
1859,Car
1860,Car
1861,Car
1862,Truck
1863,Tank
1864,Boat
1865,Car
1866,Boat
1867,Van
1868,Car
1869,Bicycle
1870,Truck
1871,Motorcycle
1872,Car
1873,Truck
1874,Car
1875,Motorcycle
1876,Car
1877,Truck
1878,Helicopter
1879,Boat
1880,Taxi
1881,Bus
1882,Bicycle
1883,Car
1884,Motorcycle
1885,Boat
1886,Car
1887,Car
1888,Car
1889,Car
1890,Boat
1891,Taxi
1892,Car
1893,Boat
1894,Car
1895,Truck
1896,Boat
1897,Truck
1898,Car
1899,Boat
1900,Boat
1901,Van
1902,Car
1903,Car
1904,Car
1905,Van
1906,Car
1907,Car
1908,Tank
1909,Truck
1910,Car
1911,Boat
1912,Car
1913,Car
1914,Car
1915,Boat
1916,Boat
1917,Truck
1918,Truck
1919,Car
1920,Car
1921,Truck
1922,Car
1923,Car
1924,Car
1925,Van
1926,Car
1927,Car
1928,Truck
1929,Car
1930,Boat
1931,Car
1932,Car
1933,Car
1934,Van
1935,Car
1936,Bicycle
1937,Car
1938,Caterpillar
1939,Car
1940,Helicopter
1941,Car
1942,Car
1943,Car
1944,Bus
1945,Car
1946,Truck
1947,Boat
1948,Bicycle
1949,Truck
1950,Car
1951,Car
1952,Car
1953,Car
1954,Car
1955,Car
1956,Boat
1957,Car
1958,Car
1959,Boat
1960,Car
1961,Truck
1962,Helicopter
1963,Truck
1964,Boat
1965,Boat
1966,Car
1967,Taxi
1968,Car
1969,Truck
1970,Helicopter
1971,Car
1972,Car
1973,Car
1974,Car
1975,Car
1976,Helicopter
1977,Bus
1978,Bicycle
1979,Car
1980,Truck
1981,Boat
1982,Car
1983,Car
1984,Car
1985,Car
1986,Boat
1987,Car
1988,Bicycle
1989,Boat
1990,Car
1991,Car
1992,Car
1993,Boat
1994,Car
1995,Boat
1996,Truck
1997,Truck
1998,Bicycle
1999,Bus
2000,Boat
2001,Car
2002,Bus
2003,Car
2004,Boat
2005,Car
2006,Car
2007,Truck
2008,Car
2009,Truck
2010,Motorcycle
2011,Helicopter
2012,Truck
2013,Car
2014,Helicopter
2015,Boat
2016,Boat
2017,Car
2018,Van
2019,Car
2020,Boat
2021,Van
2022,Segway
2023,Taxi
2024,Helicopter
2025,Bus
2026,Bus
2027,Caterpillar
2028,Boat
2029,Car
2030,Bus
2031,Car
2032,Bicycle
2033,Car
2034,Boat
2035,Boat
2036,Car
2037,Bicycle
2038,Bicycle
2039,Car
2040,Car
2041,Car
2042,Car
2043,Motorcycle
2044,Van
2045,Snowmobile
2046,Car
2047,Helicopter
2048,Motorcycle
2049,Car
2050,Helicopter
2051,Motorcycle
2052,Van
2053,Helicopter
2054,Boat
2055,Car
2056,Boat
2057,Truck
2058,Car
2059,Motorcycle
2060,Truck
2061,Car
2062,Boat
2063,Car
2064,Boat
2065,Car
2066,Boat
2067,Helicopter
2068,Boat
2069,Car
2070,Boat
2071,Car
2072,Tank
2073,Motorcycle
2074,Bicycle
2075,Van
2076,Bicycle
2077,Bicycle
2078,Ambulance
2079,Taxi
2080,Boat
2081,Car
2082,Van
2083,Car
2084,Car
2085,Car
2086,Car
2087,Truck
2088,Car
2089,Car
2090,Boat
2091,Car
2092,Van
2093,Truck
2094,Car
2095,Car
2096,Car
2097,Car
2098,Van
2099,Car
2100,Car
2101,Van
2102,Truck
2103,Car
2104,Car
2105,Car
2106,Snowmobile
2107,Barge
2108,Boat
2109,Car
2110,Truck
2111,Boat
2112,Boat
2113,Car
2114,Car
2115,Motorcycle
2116,Boat
2117,Boat
2118,Car
2119,Truck
2120,Bus
2121,Ambulance
2122,Helicopter
2123,Car
2124,Car
2125,Car
2126,Car
2127,Car
2128,Car
2129,Bicycle
2130,Boat
2131,Car
2132,Helicopter
2133,Bus
2134,Car
2135,Car
2136,Motorcycle
2137,Car
2138,Car
2139,Car
2140,Bus
2141,Boat
2142,Bicycle
2143,Motorcycle
2144,Caterpillar
2145,Car
2146,Bus
2147,Bicycle
2148,Caterpillar
2149,Boat
2150,Boat
2151,Car
2152,Boat
2153,Car
2154,Car
2155,Bus
2156,Car
2157,Truck
2158,Boat
2159,Car
2160,Van
2161,Helicopter
2162,Car
2163,Bicycle
2164,Car
2165,Van
2166,Boat
2167,Car
2168,Truck
2169,Car
2170,Ambulance
2171,Bicycle
2172,Car
2173,Car
2174,Car
2175,Car
2176,Van
2177,Motorcycle
2178,Car
2179,Boat
2180,Caterpillar
2181,Car
2182,Car
2183,Car
2184,Car
2185,Truck
2186,Car
2187,Boat
2188,Car
2189,Van
2190,Car
2191,Motorcycle
2192,Boat
2193,Car
2194,Truck
2195,Car
2196,Car
2197,Car
2198,Car
2199,Car
2200,Car
2201,Van
2202,Truck
2203,Van
2204,Car
2205,Car
2206,Car
2207,Boat
2208,Boat
2209,Motorcycle
2210,Taxi
2211,Car
2212,Car
2213,Van
2214,Truck
2215,Boat
2216,Motorcycle
2217,Boat
2218,Truck
2219,Taxi
2220,Car
2221,Car
2222,Motorcycle
2223,Boat
2224,Motorcycle
2225,Truck
2226,Boat
2227,Car
2228,Van
2229,Car
2230,Car
2231,Tank
2232,Boat
2233,Van
2234,Car
2235,Bicycle
2236,Bicycle
2237,Car
2238,Helicopter
2239,Van
2240,Truck
2241,Car
2242,Helicopter
2243,Boat
2244,Tank
2245,Car
2246,Car
2247,Bicycle
2248,Boat
2249,Car
2250,Car
2251,Boat
2252,Car
2253,Bicycle
2254,Motorcycle
2255,Car
2256,Boat
2257,Car
2258,Caterpillar
2259,Car
2260,Boat
2261,Taxi
2262,Truck
2263,Segway
2264,Truck
2265,Car
2266,Boat
2267,Car
2268,Boat
2269,Car
2270,Car
2271,Bicycle
2272,Car
2273,Truck
2274,Car
2275,Car
2276,Bicycle
2277,Car
2278,Bicycle
2279,Car
2280,Car
2281,Car
2282,Bicycle
2283,Car
2284,Bus
2285,Tank
2286,Car
2287,Truck
2288,Bus
2289,Bicycle
2290,Car
2291,Car
2292,Car
2293,Car
2294,Truck
2295,Car
2296,Car
2297,Car
2298,Bus
2299,Van
2300,Helicopter
2301,Bicycle
2302,Van
2303,Bicycle
2304,Boat
2305,Bicycle
2306,Truck
2307,Car
2308,Car
2309,Boat
2310,Boat
2311,Car
2312,Car
2313,Bicycle
2314,Truck
2315,Truck
2316,Car
2317,Boat
2318,Car
2319,Van
2320,Taxi
2321,Boat
2322,Motorcycle
2323,Car
2324,Motorcycle
2325,Car
2326,Car
2327,Car
2328,Car
2329,Car
2330,Car
2331,Car
2332,Car
2333,Boat
2334,Car
2335,Car
2336,Tank
2337,Boat
2338,Barge
2339,Boat
2340,Bicycle
2341,Boat
2342,Truck
2343,Boat
2344,Segway
2345,Car
2346,Car
2347,Motorcycle
2348,Car
2349,Bus
2350,Car
2351,Bicycle
2352,Car
2353,Car
2354,Motorcycle
2355,Van
2356,Bus
2357,Car
2358,Car
2359,Car
2360,Car
2361,Car
2362,Tank
2363,Car
2364,Helicopter
2365,Car
2366,Car
2367,Truck
2368,Car
2369,Truck
2370,Car
2371,Boat
2372,Car
2373,Car
2374,Boat
2375,Car
2376,Car
2377,Car
2378,Van
2379,Car
2380,Van
2381,Caterpillar
2382,Truck
2383,Motorcycle
2384,Motorcycle
2385,Helicopter
2386,Bus
2387,Motorcycle
2388,Motorcycle
2389,Car
2390,Car
2391,Van
2392,Car
2393,Boat
2394,Truck
2395,Boat
2396,Truck
2397,Car
2398,Boat
2399,Boat
2400,Car
2401,Helicopter
2402,Helicopter
2403,Boat
2404,Car
2405,Truck
2406,Motorcycle
2407,Car
2408,Car
2409,Van
2410,Van
2411,Car
2412,Car
2413,Boat
2414,Motorcycle
2415,Car
2416,Car
2417,Motorcycle
2418,Boat
2419,Motorcycle
2420,Truck
2421,Motorcycle
2422,Van
2423,Car
2424,Car
2425,Car
2426,Car
2427,Car
2428,Boat
2429,Boat
2430,Car
2431,Car
2432,Car
2433,Car
2434,Motorcycle
2435,Car
2436,Helicopter
2437,Van
2438,Truck
2439,Car
2440,Truck
2441,Motorcycle
2442,Taxi
2443,Car
2444,Boat
2445,Truck
2446,Car
2447,Boat
2448,Helicopter
2449,Van
2450,Car
2451,Car
2452,Caterpillar
2453,Helicopter
2454,Motorcycle
2455,Bus
2456,Van
2457,Bus
2458,Helicopter
2459,Car
2460,Car
2461,Bicycle
2462,Car
2463,Car
2464,Car
2465,Car
2466,Boat
2467,Car
2468,Car
2469,Car
2470,Boat
2471,Boat
2472,Car
2473,Taxi
2474,Car
2475,Boat
2476,Truck
2477,Helicopter
2478,Bus
2479,Bus
2480,Helicopter
2481,Bicycle
2482,Car
2483,Car
2484,Helicopter
2485,Motorcycle
2486,Bicycle
2487,Car
2488,Bicycle
2489,Car
2490,Car
2491,Boat
2492,Van
2493,Car
2494,Car
2495,Car
2496,Boat
2497,Car
2498,Van
2499,Boat
2500,Car
2501,Tank
2502,Motorcycle
2503,Van
2504,Car
2505,Car
2506,Bus
2507,Truck
2508,Truck
2509,Car
2510,Car
2511,Motorcycle
2512,Bicycle
2513,Car
2514,Tank
2515,Tank
2516,Boat
2517,Car
2518,Truck
2519,Car
2520,Boat
2521,Helicopter
2522,Motorcycle
2523,Motorcycle
2524,Car
2525,Car
2526,Van
2527,Car
2528,Car
2529,Boat
2530,Car
2531,Motorcycle
2532,Boat
2533,Car
2534,Car
2535,Car
2536,Car
2537,Car
2538,Car
2539,Car
2540,Car
2541,Bicycle
2542,Motorcycle
2543,Helicopter
2544,Boat
2545,Car
2546,Car
2547,Car
2548,Bus
2549,Car
2550,Car
2551,Bicycle
2552,Van
2553,Motorcycle
2554,Boat
2555,Car
2556,Car
2557,Car
2558,Bicycle
2559,Boat
2560,Van
2561,Bicycle
2562,Car
2563,Truck
2564,Taxi
2565,Helicopter
2566,Car
2567,Boat
2568,Car
2569,Boat
2570,Helicopter
2571,Car
2572,Car
2573,Boat
2574,Helicopter
2575,Car
2576,Boat
2577,Car
2578,Car
2579,Car
2580,Boat
2581,Car
2582,Tank
2583,Car
2584,Car
2585,Boat
2586,Car
2587,Car
2588,Bicycle
2589,Car
2590,Boat
2591,Car
2592,Car
2593,Car
2594,Helicopter
2595,Boat
2596,Car
2597,Truck
2598,Helicopter
2599,Car
2600,Bus
2601,Bicycle
2602,Boat
2603,Bicycle
2604,Van
2605,Bus
2606,Car
2607,Helicopter
2608,Caterpillar
2609,Car
2610,Boat
2611,Car
2612,Caterpillar
2613,Boat
2614,Boat
2615,Car
2616,Boat
2617,Bus
2618,Boat
2619,Boat
2620,Car
2621,Boat
2622,Car
2623,Car
2624,Motorcycle
2625,Boat
2626,Bus
2627,Bicycle
2628,Bicycle
2629,Car
2630,Helicopter
2631,Boat
2632,Car
2633,Car
2634,Car
2635,Car
2636,Car
2637,Motorcycle
2638,Car
2639,Car
2640,Boat
2641,Truck
2642,Car
2643,Boat
2644,Bicycle
2645,Tank
2646,Tank
2647,Helicopter
2648,Car
2649,Boat
2650,Bus
2651,Car
2652,Van
2653,Car
2654,Car
2655,Car
2656,Car
2657,Car
2658,Car
2659,Car
2660,Car
2661,Van
2662,Car
2663,Car
2664,Boat
2665,Bus
2666,Car
2667,Bus
2668,Van
2669,Tank
2670,Car
2671,Bicycle
2672,Car
2673,Car
2674,Motorcycle
2675,Boat
2676,Car
2677,Boat
2678,Boat
2679,Car
2680,Car
2681,Van
2682,Car
2683,Car
2684,Car
2685,Bicycle
2686,Car
2687,Segway
2688,Car
2689,Boat
2690,Bus
2691,Truck
2692,Car
2693,Truck
2694,Car
2695,Caterpillar
2696,Boat
2697,Boat
2698,Car
2699,Car
2700,Barge
2701,Car
2702,Car
2703,Boat
2704,Car
2705,Car
2706,Boat
2707,Van
2708,Boat
2709,Taxi
2710,Car
2711,Boat
2712,Car
2713,Truck
2714,Bicycle
2715,Car
2716,Car
2717,Truck
2718,Bicycle
2719,Truck
2720,Car
2721,Helicopter
2722,Car
2723,Car
2724,Motorcycle
2725,Motorcycle
2726,Car
2727,Car
2728,Car
2729,Boat
2730,Car
2731,Segway
2732,Boat
2733,Bus
2734,Car
2735,Car
2736,Helicopter
2737,Car
2738,Car
2739,Helicopter
2740,Car
2741,Boat
2742,Car
2743,Boat
2744,Car
2745,Car
2746,Car
2747,Car
2748,Car
2749,Car
2750,Car
2751,Car
2752,Car
2753,Car
2754,Car
2755,Car
2756,Taxi
2757,Boat
2758,Car
2759,Car
2760,Car
2761,Boat
2762,Boat
2763,Bicycle
2764,Truck
2765,Car
2766,Bicycle
2767,Car
2768,Car
2769,Boat
2770,Boat
2771,Caterpillar
2772,Car
2773,Car
2774,Car
2775,Boat
2776,Car
2777,Boat
2778,Motorcycle
2779,Car
2780,Car
2781,Car
2782,Truck
2783,Tank
2784,Car
2785,Bicycle
2786,Motorcycle
2787,Car
2788,Truck
2789,Helicopter
2790,Truck
2791,Car
2792,Car
2793,Car
2794,Bus
2795,Car
2796,Boat
2797,Van
2798,Boat
2799,Car
2800,Helicopter
2801,Bicycle
2802,Motorcycle
2803,Car
2804,Car
2805,Car
2806,Motorcycle
2807,Car
2808,Boat
2809,Bicycle
2810,Car
2811,Boat
2812,Van
2813,Car
2814,Bus
2815,Van
2816,Car
2817,Bicycle
2818,Segway
2819,Boat
2820,Helicopter
2821,Segway
2822,Car
2823,Car
2824,Bus
2825,Car
2826,Car
2827,Bicycle
2828,Car
2829,Car
2830,Truck
2831,Car
2832,Bus
2833,Car
2834,Car
2835,Car
2836,Boat
2837,Boat
2838,Boat
2839,Car
2840,Helicopter
2841,Car
2842,Car
2843,Car
2844,Car
2845,Boat
2846,Boat
2847,Tank
2848,Van
2849,Truck
2850,Truck
2851,Motorcycle
2852,Truck
2853,Boat
2854,Car
2855,Taxi
2856,Helicopter
2857,Boat
2858,Van
2859,Truck
2860,Boat
2861,Car
2862,Bicycle
2863,Car
2864,Car
2865,Car
2866,Boat
2867,Van
2868,Car
2869,Boat
2870,Boat
2871,Helicopter
2872,Truck
2873,Boat
2874,Helicopter
2875,Car
2876,Van
2877,Truck
2878,Car
2879,Car
2880,Car
2881,Truck
2882,Boat
2883,Car
2884,Motorcycle
2885,Car
2886,Boat
2887,Motorcycle
2888,Car
2889,Car
2890,Motorcycle
2891,Truck
2892,Motorcycle
2893,Helicopter
2894,Motorcycle
2895,Motorcycle
2896,Car
2897,Van
2898,Car
2899,Bus
2900,Car
2901,Motorcycle
2902,Car
2903,Car
2904,Helicopter
2905,Car
2906,Car
2907,Boat
2908,Limousine
2909,Truck
2910,Motorcycle
2911,Car
2912,Car
2913,Car
2914,Helicopter
2915,Motorcycle
2916,Truck
2917,Car
2918,Motorcycle
2919,Car
2920,Car
2921,Car
2922,Segway
2923,Car
2924,Motorcycle
2925,Car
2926,Boat
2927,Caterpillar
2928,Car
2929,Motorcycle
2930,Truck
2931,Car
2932,Car
2933,Car
2934,Motorcycle
2935,Car
2936,Car
2937,Car
2938,Boat
2939,Truck
2940,Motorcycle
2941,Van
2942,Truck
2943,Car
2944,Car
2945,Caterpillar
2946,Car
2947,Car
2948,Caterpillar
2949,Car
2950,Segway
2951,Car
2952,Boat
2953,Car
2954,Van
2955,Bus
2956,Bus
2957,Boat
2958,Bicycle
2959,Truck
2960,Tank
2961,Car
2962,Car
2963,Bus
2964,Car
2965,Car
2966,Car
2967,Helicopter
2968,Truck
2969,Truck
2970,Car
2971,Boat
2972,Car
2973,Boat
2974,Car
2975,Boat
2976,Car
2977,Bus
2978,Car
2979,Ambulance
2980,Helicopter
2981,Bicycle
2982,Car
2983,Car
2984,Car
2985,Caterpillar
2986,Boat
2987,Boat
2988,Car
2989,Motorcycle
2990,Bus
2991,Boat
2992,Car
2993,Car
2994,Taxi
2995,Car
2996,Car
2997,Boat
2998,Car
2999,Boat
3000,Car
3001,Van
3002,Boat
3003,Boat
3004,Boat
3005,Car
3006,Car
3007,Helicopter
3008,Car
3009,Helicopter
3010,Car
3011,Boat
3012,Boat
3013,Van
3014,Car
3015,Car
3016,Motorcycle
3017,Truck
3018,Caterpillar
3019,Boat
3020,Boat
3021,Car
3022,Motorcycle
3023,Truck
3024,Car
3025,Car
3026,Car
3027,Car
3028,Boat
3029,Truck
3030,Helicopter
3031,Boat
3032,Boat
3033,Bicycle
3034,Car
3035,Car
3036,Car
3037,Boat
3038,Motorcycle
3039,Truck
3040,Boat
3041,Car
3042,Van
3043,Barge
3044,Motorcycle
3045,Helicopter
3046,Car
3047,Car
3048,Van
3049,Bicycle
3050,Car
3051,Car
3052,Motorcycle
3053,Car
3054,Helicopter
3055,Boat
3056,Car
3057,Car
3058,Boat
3059,Car
3060,Car
3061,Boat
3062,Boat
3063,Bicycle
3064,Caterpillar
3065,Motorcycle
3066,Car
3067,Boat
3068,Tank
3069,Motorcycle
3070,Car
3071,Bicycle
3072,Car
3073,Car
3074,Boat
3075,Bicycle
3076,Car
3077,Boat
3078,Van
3079,Boat
3080,Car
3081,Boat
3082,Car
3083,Car
3084,Car
3085,Motorcycle
3086,Truck
3087,Car
3088,Car
3089,Caterpillar
3090,Truck
3091,Car
3092,Truck
3093,Car
3094,Bicycle
3095,Car
3096,Helicopter
3097,Car
3098,Car
3099,Boat
3100,Car
3101,Truck
3102,Van
3103,Van
3104,Car
3105,Truck
3106,Caterpillar
3107,Motorcycle
3108,Truck
3109,Car
3110,Car
3111,Car
3112,Van
3113,Boat
3114,Tank
3115,Motorcycle
3116,Car
3117,Car
3118,Car
3119,Snowmobile
3120,Boat
3121,Truck
3122,Truck
3123,Car
3124,Car
3125,Bus
3126,Van
3127,Bus
3128,Motorcycle
3129,Car
3130,Van
3131,Car
3132,Boat
3133,Car
3134,Car
3135,Bicycle
3136,Boat
3137,Boat
3138,Boat
3139,Car
3140,Motorcycle
3141,Motorcycle
3142,Boat
3143,Segway
3144,Car
3145,Car
3146,Car
3147,Helicopter
3148,Bus
3149,Boat
3150,Car
3151,Car
3152,Truck
3153,Boat
3154,Car
3155,Helicopter
3156,Car
3157,Car
3158,Car
3159,Segway
3160,Car
3161,Motorcycle
3162,Car
3163,Motorcycle
3164,Car
3165,Bus
3166,Caterpillar
3167,Van
3168,Car
3169,Car
3170,Motorcycle
3171,Boat
3172,Boat
3173,Motorcycle
3174,Truck
3175,Boat
3176,Car
3177,Boat
3178,Tank
3179,Car
3180,Car
3181,Caterpillar
3182,Car
3183,Car
3184,Van
3185,Car
3186,Bicycle
3187,Van
3188,Car
3189,Motorcycle
3190,Boat
3191,Bicycle
3192,Car
3193,Van
3194,Car
3195,Car
3196,Car
3197,Car
3198,Car
3199,Car
3200,Car
3201,Bicycle
3202,Car
3203,Car
3204,Car
3205,Truck
3206,Helicopter
3207,Boat
3208,Boat
3209,Car
3210,Car
3211,Car
3212,Van
3213,Car
3214,Car
3215,Motorcycle
3216,Car
3217,Car
3218,Caterpillar
3219,Car
3220,Truck
3221,Boat
3222,Car
3223,Van
3224,Car
3225,Truck
3226,Boat
3227,Boat
3228,Truck
3229,Truck
3230,Bicycle
3231,Car
3232,Car
3233,Motorcycle
3234,Helicopter
3235,Helicopter
3236,Car
3237,Car
3238,Truck
3239,Car
3240,Boat
3241,Van
3242,Caterpillar
3243,Van
3244,Car
3245,Tank
3246,Car
3247,Car
3248,Car
3249,Motorcycle
3250,Car
3251,Car
3252,Boat
3253,Car
3254,Taxi
3255,Boat
3256,Motorcycle
3257,Car
3258,Car
3259,Caterpillar
3260,Boat
3261,Motorcycle
3262,Car
3263,Motorcycle
3264,Boat
3265,Car
3266,Car
3267,Boat
3268,Van
3269,Van
3270,Van
3271,Bicycle
3272,Car
3273,Truck
3274,Car
3275,Boat
3276,Car
3277,Car
3278,Helicopter
3279,Bicycle
3280,Car
3281,Truck
3282,Truck
3283,Car
3284,Bus
3285,Car
3286,Car
3287,Car
3288,Car
3289,Boat
3290,Car
3291,Car
3292,Car
3293,Car
3294,Bus
3295,Boat
3296,Car
3297,Motorcycle
3298,Truck
3299,Helicopter
3300,Car
3301,Helicopter
3302,Car
3303,Bicycle
3304,Bus
3305,Car
3306,Car
3307,Boat
3308,Car
3309,Motorcycle
3310,Truck
3311,Boat
3312,Bicycle
3313,Van
3314,Boat
3315,Car
3316,Boat
3317,Car
3318,Boat
3319,Car
3320,Car
3321,Snowmobile
3322,Car
3323,Car
3324,Car
3325,Car
3326,Car
3327,Bus
3328,Car
3329,Car
3330,Helicopter
3331,Boat
3332,Motorcycle
3333,Car
3334,Car
3335,Bicycle
3336,Bicycle
3337,Car
3338,Bicycle
3339,Car
3340,Helicopter
3341,Boat
3342,Car
3343,Boat
3344,Van
3345,Car
3346,Car
3347,Car
3348,Car
3349,Van
3350,Car
3351,Van
3352,Motorcycle
3353,Car
3354,Helicopter
3355,Bicycle
3356,Car
3357,Helicopter
3358,Car
3359,Boat
3360,Helicopter
3361,Ambulance
3362,Bicycle
3363,Bus
3364,Car
3365,Car
3366,Boat
3367,Boat
3368,Boat
3369,Car
3370,Boat
3371,Boat
3372,Snowmobile
3373,Snowmobile
3374,Car
3375,Car
3376,Truck
3377,Car
3378,Car
3379,Boat
3380,Truck
3381,Car
3382,Van
3383,Truck
3384,Car
3385,Motorcycle
3386,Truck
3387,Taxi
3388,Car
3389,Car
3390,Boat
3391,Car
3392,Boat
3393,Motorcycle
3394,Motorcycle
3395,Van
3396,Car
3397,Car
3398,Truck
3399,Ambulance
3400,Boat
3401,Helicopter
3402,Bicycle
3403,Van
3404,Boat
3405,Truck
3406,Car
3407,Van
3408,Car
3409,Car
3410,Car
3411,Motorcycle
3412,Motorcycle
3413,Boat
3414,Bus
3415,Boat
3416,Bicycle
3417,Car
3418,Car
3419,Car
3420,Car
3421,Bicycle
3422,Helicopter
3423,Motorcycle
3424,Helicopter
3425,Car
3426,Car
3427,Bicycle
3428,Car
3429,Car
3430,Car
3431,Car
3432,Caterpillar
3433,Car
3434,Car
3435,Motorcycle
3436,Car
3437,Motorcycle
3438,Caterpillar
3439,Car
3440,Bicycle
3441,Car
3442,Car
3443,Helicopter
3444,Bus
3445,Car
3446,Car
3447,Boat
3448,Car
3449,Car
3450,Boat
3451,Car
3452,Bus
3453,Tank
3454,Car
3455,Car
3456,Boat
3457,Truck
3458,Ambulance
3459,Boat
3460,Boat
3461,Helicopter
3462,Car
3463,Truck
3464,Bicycle
3465,Car
3466,Bicycle
3467,Truck
3468,Bicycle
3469,Boat
3470,Car
3471,Van
3472,Caterpillar
3473,Bicycle
3474,Car
3475,Boat
3476,Car
3477,Bicycle
3478,Van
3479,Car
3480,Boat
3481,Boat
3482,Bus
3483,Car
3484,Car
3485,Van
3486,Truck
3487,Truck
3488,Boat
3489,Car
3490,Helicopter
3491,Car
3492,Car
3493,Boat
3494,Car
3495,Truck
3496,Car
3497,Car
3498,Truck
3499,Car
3500,Car
3501,Truck
3502,Car
3503,Car
3504,Bus
3505,Boat
3506,Taxi
3507,Car
3508,Boat
3509,Boat
3510,Car
3511,Car
3512,Car
3513,Car
3514,Car
3515,Helicopter
3516,Car
3517,Car
3518,Car
3519,Boat
3520,Van
3521,Segway
3522,Boat
3523,Tank
3524,Bicycle
3525,Motorcycle
3526,Car
3527,Car
3528,Van
3529,Bicycle
3530,Car
3531,Motorcycle
3532,Car
3533,Car
3534,Truck
3535,Boat
3536,Boat
3537,Segway
3538,Boat
3539,Car
3540,Car
3541,Taxi
3542,Boat
3543,Boat
3544,Truck
3545,Bus
3546,Truck
3547,Truck
3548,Car
3549,Car
3550,Motorcycle
3551,Car
3552,Helicopter
3553,Car
3554,Car
3555,Truck
3556,Motorcycle
3557,Car
3558,Car
3559,Motorcycle
3560,Boat
3561,Truck
3562,Van
3563,Car
3564,Taxi
3565,Van
3566,Car
3567,Boat
3568,Truck
3569,Truck
3570,Motorcycle
3571,Boat
3572,Boat
3573,Car
3574,Car
3575,Car
3576,Bicycle
3577,Car
3578,Boat
3579,Car
3580,Car
3581,Car
3582,Bus
3583,Car
3584,Tank
3585,Motorcycle
3586,Car
3587,Boat
3588,Car
3589,Car
3590,Bus
3591,Car
3592,Car
3593,Bicycle
3594,Boat
3595,Car
3596,Car
3597,Truck
3598,Car
3599,Truck
3600,Van
3601,Bicycle
3602,Tank
3603,Bus
3604,Car
3605,Car
3606,Boat
3607,Boat
3608,Car
3609,Car
3610,Motorcycle
3611,Van
3612,Car
3613,Boat
3614,Car
3615,Car
3616,Bicycle
3617,Car
3618,Boat
3619,Boat
3620,Car
3621,Motorcycle
3622,Boat
3623,Caterpillar
3624,Car
3625,Car
3626,Helicopter
3627,Motorcycle
3628,Car
3629,Car
3630,Boat
3631,Car
3632,Car
3633,Boat
3634,Car
3635,Helicopter
3636,Bus
3637,Car
3638,Boat
3639,Boat
3640,Motorcycle
3641,Truck
3642,Bicycle
3643,Van
3644,Car
3645,Car
3646,Car
3647,Car
3648,Car
3649,Boat
3650,Helicopter
3651,Car
3652,Car
3653,Boat
3654,Boat
3655,Car
3656,Car
3657,Car
3658,Car
3659,Boat
3660,Boat
3661,Car
3662,Van
3663,Car
3664,Truck
3665,Bicycle
3666,Truck
3667,Car
3668,Van
3669,Motorcycle
3670,Boat
3671,Bicycle
3672,Helicopter
3673,Car
3674,Boat
3675,Boat
3676,Boat
3677,Boat
3678,Car
3679,Car
3680,Car
3681,Boat
3682,Car
3683,Taxi
3684,Motorcycle
3685,Bicycle
3686,Car
3687,Van
3688,Car
3689,Boat
3690,Boat
3691,Boat
3692,Caterpillar
3693,Boat
3694,Boat
3695,Car
3696,Car
3697,Motorcycle
3698,Car
3699,Car
3700,Bus
3701,Car
3702,Car
3703,Motorcycle
3704,Boat
3705,Bus
3706,Car
3707,Car
3708,Car
3709,Bicycle
3710,Car
3711,Tank
3712,Boat
3713,Car
3714,Motorcycle
3715,Car
3716,Bicycle
3717,Car
3718,Motorcycle
3719,Bicycle
3720,Caterpillar
3721,Boat
3722,Car
3723,Car
3724,Bicycle
3725,Car
3726,Car
3727,Van
3728,Van
3729,Car
3730,Car
3731,Car
3732,Boat
3733,Boat
3734,Car
3735,Car
3736,Car
3737,Motorcycle
3738,Motorcycle
3739,Segway
3740,Car
3741,Car
3742,Car
3743,Boat
3744,Truck
3745,Truck
3746,Boat
3747,Car
3748,Car
3749,Car
3750,Car
3751,Motorcycle
3752,Snowmobile
3753,Car
3754,Van
3755,Car
3756,Boat
3757,Motorcycle
3758,Bicycle
3759,Car
3760,Boat
3761,Car
3762,Car
3763,Car
3764,Car
3765,Boat
3766,Car
3767,Car
3768,Boat
3769,Car
3770,Van
3771,Helicopter
3772,Boat
3773,Caterpillar
3774,Car
3775,Car
3776,Van
3777,Taxi
3778,Boat
3779,Caterpillar
3780,Car
3781,Car
3782,Car
3783,Truck
3784,Car
3785,Bicycle
3786,Ambulance
3787,Car
3788,Car
3789,Car
3790,Helicopter
3791,Boat
3792,Car
3793,Boat
3794,Bicycle
3795,Car
3796,Helicopter
3797,Car
3798,Car
3799,Tank
3800,Segway
3801,Boat
3802,Car
3803,Car
3804,Car
3805,Car
3806,Caterpillar
3807,Helicopter
3808,Bicycle
3809,Truck
3810,Boat
3811,Car
3812,Van
3813,Car
3814,Boat
3815,Van
3816,Car
3817,Car
3818,Car
3819,Boat
3820,Car
3821,Van
3822,Boat
3823,Boat
3824,Car
3825,Car
3826,Car
3827,Motorcycle
3828,Car
3829,Car
3830,Boat
3831,Car
3832,Boat
3833,Car
3834,Barge
3835,Cart
3836,Van
3837,Tank
3838,Boat
3839,Boat
3840,Boat
3841,Car
3842,Boat
3843,Car
3844,Car
3845,Car
3846,Car
3847,Boat
3848,Motorcycle
3849,Car
3850,Car
3851,Car
3852,Car
3853,Caterpillar
3854,Car
3855,Van
3856,Car
3857,Motorcycle
3858,Bicycle
3859,Motorcycle
3860,Boat
3861,Boat
3862,Truck
3863,Car
3864,Truck
3865,Car
3866,Boat
3867,Car
3868,Car
3869,Taxi
3870,Van
3871,Truck
3872,Boat
3873,Car
3874,Boat
3875,Bus
3876,Truck
3877,Motorcycle
3878,Car
3879,Helicopter
3880,Caterpillar
3881,Car
3882,Car
3883,Car
3884,Helicopter
3885,Helicopter
3886,Car
3887,Truck
3888,Motorcycle
3889,Car
3890,Car
3891,Boat
3892,Helicopter
3893,Boat
3894,Car
3895,Boat
3896,Boat
3897,Helicopter
3898,Car
3899,Car
3900,Bus
3901,Bus
3902,Car
3903,Car
3904,Boat
3905,Boat
3906,Boat
3907,Car
3908,Car
3909,Truck
3910,Car
3911,Van
3912,Car
3913,Bicycle
3914,Car
3915,Car
3916,Car
3917,Car
3918,Car
3919,Van
3920,Car
3921,Car
3922,Car
3923,Car
3924,Tank
3925,Car
3926,Bicycle
3927,Boat
3928,Car
3929,Car
3930,Bus
3931,Helicopter
3932,Boat
3933,Motorcycle
3934,Boat
3935,Van
3936,Helicopter
3937,Helicopter
3938,Truck
3939,Car
3940,Boat
3941,Boat
3942,Car
3943,Boat
3944,Car
3945,Motorcycle
3946,Bicycle
3947,Car
3948,Car
3949,Bicycle
3950,Boat
3951,Truck
3952,Van
3953,Truck
3954,Car
3955,Car
3956,Truck
3957,Bus
3958,Boat
3959,Car
3960,Car
3961,Car
3962,Boat
3963,Van
3964,Helicopter
3965,Car
3966,Boat
3967,Car
3968,Car
3969,Car
3970,Car
3971,Car
3972,Bus
3973,Car
3974,Tank
3975,Car
3976,Car
3977,Car
3978,Boat
3979,Van
3980,Car
3981,Boat
3982,Truck
3983,Boat
3984,Car
3985,Boat
3986,Bus
3987,Car
3988,Boat
3989,Helicopter
3990,Car
3991,Car
3992,Boat
3993,Car
3994,Car
3995,Helicopter
3996,Bus
3997,Boat
3998,Boat
3999,Boat
4000,Boat
4001,Car
4002,Truck
4003,Bicycle
4004,Motorcycle
4005,Car
4006,Car
4007,Boat
4008,Car
4009,Car
4010,Car
4011,Boat
4012,Bicycle
4013,Motorcycle
4014,Bicycle
4015,Car
4016,Van
4017,Car
4018,Car
4019,Car
4020,Bicycle
4021,Truck
4022,Bicycle
4023,Car
4024,Snowmobile
4025,Car
4026,Van
4027,Boat
4028,Car
4029,Boat
4030,Helicopter
4031,Tank
4032,Boat
4033,Van
4034,Car
4035,Car
4036,Truck
4037,Car
4038,Helicopter
4039,Truck
4040,Car
4041,Van
4042,Car
4043,Boat
4044,Car
4045,Car
4046,Caterpillar
4047,Car
4048,Bicycle
4049,Motorcycle
4050,Truck
4051,Helicopter
4052,Boat
4053,Caterpillar
4054,Car
4055,Van
4056,Boat
4057,Truck
4058,Car
4059,Car
4060,Truck
4061,Helicopter
4062,Car
4063,Car
4064,Boat
4065,Motorcycle
4066,Boat
4067,Car
4068,Ambulance
4069,Boat
4070,Boat
4071,Car
4072,Car
4073,Helicopter
4074,Truck
4075,Truck
4076,Car
4077,Car
4078,Car
4079,Car
4080,Boat
4081,Caterpillar
4082,Car
4083,Bicycle
4084,Boat
4085,Car
4086,Truck
4087,Helicopter
4088,Boat
4089,Boat
4090,Car
4091,Car
4092,Bicycle
4093,Van
4094,Car
4095,Boat
4096,Motorcycle
4097,Car
4098,Car
4099,Caterpillar
4100,Boat
4101,Truck
4102,Car
4103,Car
4104,Car
4105,Truck
4106,Helicopter
4107,Car
4108,Car
4109,Caterpillar
4110,Bus
4111,Boat
4112,Car
4113,Boat
4114,Motorcycle
4115,Bicycle
4116,Boat
4117,Boat
4118,Van
4119,Helicopter
4120,Motorcycle
4121,Boat
4122,Boat
4123,Car
4124,Bicycle
4125,Boat
4126,Bus
4127,Car
4128,Car
4129,Car
4130,Car
4131,Car
4132,Boat
4133,Car
4134,Boat
4135,Boat
4136,Boat
4137,Bicycle
4138,Boat
4139,Car
4140,Bicycle
4141,Car
4142,Bus
4143,Boat
4144,Boat
4145,Car
4146,Car
4147,Car
4148,Bus
4149,Car
4150,Segway
4151,Segway
4152,Boat
4153,Car
4154,Bicycle
4155,Car
4156,Car
4157,Car
4158,Car
4159,Car
4160,Bus
4161,Boat
4162,Helicopter
4163,Truck
4164,Car
4165,Boat
4166,Car
4167,Motorcycle
4168,Car
4169,Boat
4170,Truck
4171,Car
4172,Boat
4173,Car
4174,Car
4175,Helicopter
4176,Bus
4177,Motorcycle
4178,Bicycle
4179,Car
4180,Motorcycle
4181,Car
4182,Boat
4183,Bicycle
4184,Car
4185,Helicopter
4186,Car
4187,Bus
4188,Motorcycle
4189,Car
4190,Car
4191,Bicycle
4192,Car
4193,Boat
4194,Boat
4195,Helicopter
4196,Car
4197,Tank
4198,Boat
4199,Motorcycle
4200,Truck
4201,Car
4202,Helicopter
4203,Car
4204,Car
4205,Motorcycle
4206,Boat
4207,Boat
4208,Car
4209,Bicycle
4210,Car
4211,Boat
4212,Car
4213,Van
4214,Car
4215,Car
4216,Truck
4217,Car
4218,Car
4219,Car
4220,Motorcycle
4221,Van
4222,Boat
4223,Car
4224,Car
4225,Segway
4226,Truck
4227,Car
4228,Car
4229,Bus
4230,Truck
4231,Car
4232,Car
4233,Motorcycle
4234,Car
4235,Car
4236,Boat
4237,Car
4238,Car
4239,Tank
4240,Bicycle
4241,Car
4242,Bicycle
4243,Car
4244,Car
4245,Boat
4246,Helicopter
4247,Car
4248,Boat
4249,Taxi
4250,Boat
4251,Van
4252,Bicycle
4253,Caterpillar
4254,Motorcycle
4255,Bus
4256,Car
4257,Boat
4258,Bicycle
4259,Car
4260,Bicycle
4261,Boat
4262,Car
4263,Taxi
4264,Car
4265,Van
4266,Car
4267,Car
4268,Helicopter
4269,Car
4270,Car
4271,Helicopter
4272,Bicycle
4273,Car
4274,Car
4275,Bicycle
4276,Truck
4277,Car
4278,Car
4279,Car
4280,Car
4281,Caterpillar
4282,Bus
4283,Car
4284,Car
4285,Bicycle
4286,Boat
4287,Boat
4288,Boat
4289,Bicycle
4290,Car
4291,Bus
4292,Car
4293,Car
4294,Motorcycle
4295,Bicycle
4296,Van
4297,Van
4298,Motorcycle
4299,Bus
4300,Car
4301,Tank
4302,Snowmobile
4303,Boat
4304,Car
4305,Boat
4306,Truck
4307,Helicopter
4308,Boat
4309,Car
4310,Boat
4311,Helicopter
4312,Car
4313,Car
4314,Motorcycle
4315,Truck
4316,Boat
4317,Car
4318,Car
4319,Van
4320,Helicopter
4321,Truck
4322,Bus
4323,Motorcycle
4324,Boat
4325,Truck
4326,Boat
4327,Bicycle
4328,Bicycle
4329,Car
4330,Car
4331,Snowmobile
4332,Helicopter
4333,Car
4334,Truck
4335,Car
4336,Car
4337,Motorcycle
4338,Van
4339,Truck
4340,Car
4341,Car
4342,Motorcycle
4343,Car
4344,Truck
4345,Car
4346,Car
4347,Van
4348,Caterpillar
4349,Motorcycle
4350,Car
4351,Car
4352,Car
4353,Boat
4354,Motorcycle
4355,Truck
4356,Helicopter
4357,Car
4358,Car
4359,Car
4360,Bicycle
4361,Car
4362,Car
4363,Car
4364,Car
4365,Van
4366,Boat
4367,Boat
4368,Truck
4369,Car
4370,Car
4371,Car
4372,Motorcycle
4373,Caterpillar
4374,Ambulance
4375,Car
4376,Car
4377,Bicycle
4378,Van
4379,Truck
4380,Car
4381,Car
4382,Car
4383,Car
4384,Boat
4385,Car
4386,Car
4387,Car
4388,Ambulance
4389,Car
4390,Truck
4391,Taxi
4392,Car
4393,Car
4394,Car
4395,Boat
4396,Boat
4397,Car
4398,Helicopter
4399,Car
4400,Car
4401,Truck
4402,Car
4403,Car
4404,Car
4405,Snowmobile
4406,Car
4407,Truck
4408,Car
4409,Car
4410,Car
4411,Car
4412,Van
4413,Car
4414,Caterpillar
4415,Car
4416,Motorcycle
4417,Tank
4418,Helicopter
4419,Bicycle
4420,Boat
4421,Helicopter
4422,Car
4423,Truck
4424,Boat
4425,Truck
4426,Bicycle
4427,Tank
4428,Motorcycle
4429,Caterpillar
4430,Boat
4431,Car
4432,Car
4433,Car
4434,Boat
4435,Boat
4436,Car
4437,Car
4438,Truck
4439,Car
4440,Helicopter
4441,Truck
4442,Truck
4443,Car
4444,Truck
4445,Car
4446,Boat
4447,Truck
4448,Caterpillar
4449,Boat
4450,Motorcycle
4451,Helicopter
4452,Bicycle
4453,Car
4454,Car
4455,Car
4456,Car
4457,Helicopter
4458,Bicycle
4459,Car
4460,Car
4461,Bus
4462,Car
4463,Car
4464,Truck
4465,Bicycle
4466,Car
4467,Car
4468,Van
4469,Car
4470,Car
4471,Boat
4472,Caterpillar
4473,Car
4474,Car
4475,Car
4476,Helicopter
4477,Boat
4478,Caterpillar
4479,Bicycle
4480,Boat
4481,Truck
4482,Van
4483,Car
4484,Truck
4485,Boat
4486,Car
4487,Boat
4488,Car
4489,Car
4490,Car
4491,Car
4492,Boat
4493,Car
4494,Car
4495,Boat
4496,Bus
4497,Car
4498,Boat
4499,Boat
4500,Car
4501,Car
4502,Car
4503,Car
4504,Boat
4505,Car
4506,Car
4507,Car
4508,Boat
4509,Truck
4510,Truck
4511,Car
4512,Truck
4513,Car
4514,Bicycle
4515,Boat
4516,Taxi
4517,Ambulance
4518,Car
4519,Car
4520,Boat
4521,Car
4522,Helicopter
4523,Helicopter
4524,Boat
4525,Boat
4526,Car
4527,Car
4528,Boat
4529,Truck
4530,Bicycle
4531,Motorcycle
4532,Car
4533,Boat
4534,Tank
4535,Tank
4536,Car
4537,Taxi
4538,Motorcycle
4539,Helicopter
4540,Car
4541,Bus
4542,Bus
4543,Truck
4544,Car
4545,Segway
4546,Car
4547,Boat
4548,Bus
4549,Car
4550,Car
4551,Boat
4552,Boat
4553,Truck
4554,Motorcycle
4555,Helicopter
4556,Motorcycle
4557,Truck
4558,Car
4559,Motorcycle
4560,Car
4561,Motorcycle
4562,Bicycle
4563,Car
4564,Boat
4565,Boat
4566,Boat
4567,Car
4568,Segway
4569,Van
4570,Boat
4571,Car
4572,Boat
4573,Truck
4574,Car
4575,Boat
4576,Helicopter
4577,Car
4578,Caterpillar
4579,Car
4580,Caterpillar
4581,Car
4582,Boat
4583,Boat
4584,Truck
4585,Truck
4586,Car
4587,Car
4588,Car
4589,Car
4590,Boat
4591,Boat
4592,Car
4593,Boat
4594,Car
4595,Car
4596,Truck
4597,Car
4598,Truck
4599,Taxi
4600,Car
4601,Car
4602,Car
4603,Car
4604,Car
4605,Car
4606,Motorcycle
4607,Boat
4608,Car
4609,Boat
4610,Car
4611,Car
4612,Boat
4613,Bicycle
4614,Boat
4615,Van
4616,Car
4617,Boat
4618,Car
4619,Truck
4620,Car
4621,Motorcycle
4622,Car
4623,Boat
4624,Car
4625,Car
4626,Car
4627,Boat
4628,Car
4629,Car
4630,Car
4631,Car
4632,Car
4633,Car
4634,Truck
4635,Car
4636,Car
4637,Van
4638,Car
4639,Helicopter
4640,Boat
4641,Car
4642,Ambulance
4643,Motorcycle
4644,Motorcycle
4645,Car
4646,Bicycle
4647,Van
4648,Boat
4649,Bicycle
4650,Car
4651,Bus
4652,Bicycle
4653,Car
4654,Car
4655,Van
4656,Boat
4657,Car
4658,Car
4659,Car
4660,Truck
4661,Motorcycle
4662,Car
4663,Motorcycle
4664,Boat
4665,Boat
4666,Car
4667,Bicycle
4668,Car
4669,Car
4670,Boat
4671,Car
4672,Car
4673,Bus
4674,Car
4675,Bicycle
4676,Car
4677,Car
4678,Car
4679,Car
4680,Car
4681,Boat
4682,Car
4683,Boat
4684,Boat
4685,Car
4686,Tank
4687,Boat
4688,Bicycle
4689,Boat
4690,Car
4691,Boat
4692,Car
4693,Bicycle
4694,Motorcycle
4695,Car
4696,Boat
4697,Car
4698,Boat
4699,Car
4700,Motorcycle
4701,Boat
4702,Motorcycle
4703,Car
4704,Boat
4705,Car
4706,Motorcycle
4707,Bicycle
4708,Boat
4709,Boat
4710,Motorcycle
4711,Truck
4712,Helicopter
4713,Van
4714,Truck
4715,Boat
4716,Truck
4717,Motorcycle
4718,Car
4719,Boat
4720,Van
4721,Boat
4722,Car
4723,Motorcycle
4724,Boat
4725,Van
4726,Bicycle
4727,Helicopter
4728,Truck
4729,Car
4730,Car
4731,Car
4732,Van
4733,Car
4734,Car
4735,Car
4736,Helicopter
4737,Car
4738,Helicopter
4739,Van
4740,Car
4741,Taxi
4742,Van
4743,Car
4744,Helicopter
4745,Truck
4746,Car
4747,Truck
4748,Car
4749,Boat
4750,Bus
4751,Motorcycle
4752,Car
4753,Car
4754,Car
4755,Boat
4756,Car
4757,Car
4758,Car
4759,Car
4760,Car
4761,Boat
4762,Car
4763,Bicycle
4764,Car
4765,Helicopter
4766,Truck
4767,Helicopter
4768,Car
4769,Car
4770,Car
4771,Car
4772,Bicycle
4773,Truck
4774,Helicopter
4775,Taxi
4776,Car
4777,Car
4778,Bus
4779,Car
4780,Car
4781,Car
4782,Boat
4783,Bicycle
4784,Truck
4785,Car
4786,Truck
4787,Car
4788,Bus
4789,Truck
4790,Boat
4791,Truck
4792,Car
4793,Bicycle
4794,Bicycle
4795,Bicycle
4796,Car
4797,Car
4798,Car
4799,Motorcycle
4800,Bicycle
4801,Car
4802,Car
4803,Car
4804,Car
4805,Motorcycle
4806,Boat
4807,Truck
4808,Car
4809,Car
4810,Car
4811,Boat
4812,Boat
4813,Bus
4814,Car
4815,Helicopter
4816,Car
4817,Bicycle
4818,Boat
4819,Truck
4820,Motorcycle
4821,Bicycle
4822,Car
4823,Bicycle
4824,Car
4825,Car
4826,Motorcycle
4827,Car
4828,Truck
4829,Car
4830,Motorcycle
4831,Car
4832,Car
4833,Car
4834,Boat
4835,Van
4836,Car
4837,Car
4838,Boat
4839,Car
4840,Car
4841,Car
4842,Car
4843,Tank
4844,Boat
4845,Helicopter
4846,Car
4847,Snowmobile
4848,Car
4849,Bus
4850,Van
4851,Car
4852,Taxi
4853,Car
4854,Bus
4855,Car
4856,Car
4857,Helicopter
4858,Bicycle
4859,Boat
4860,Car
4861,Car
4862,Car
4863,Truck
4864,Bus
4865,Truck
4866,Car
4867,Boat
4868,Car
4869,Caterpillar
4870,Bicycle
4871,Boat
4872,Car
4873,Motorcycle
4874,Van
4875,Car
4876,Bicycle
4877,Car
4878,Van
4879,Car
4880,Truck
4881,Car
4882,Car
4883,Motorcycle
4884,Car
4885,Car
4886,Bicycle
4887,Truck
4888,Truck
4889,Helicopter
4890,Boat
4891,Car
4892,Car
4893,Car
4894,Caterpillar
4895,Car
4896,Motorcycle
4897,Car
4898,Car
4899,Car
4900,Truck
4901,Car
4902,Segway
4903,Van
4904,Car
4905,Bus
4906,Boat
4907,Van
4908,Truck
4909,Boat
4910,Caterpillar
4911,Car
4912,Boat
4913,Car
4914,Car
4915,Van
4916,Car
4917,Truck
4918,Motorcycle
4919,Boat
4920,Segway
4921,Car
4922,Car
4923,Car
4924,Car
4925,Boat
4926,Bicycle
4927,Car
4928,Boat
4929,Car
4930,Bicycle
4931,Motorcycle
4932,Boat
4933,Truck
4934,Van
4935,Car
4936,Truck
4937,Car
4938,Van
4939,Boat
4940,Truck
4941,Car
4942,Car
4943,Bicycle
4944,Car
4945,Car
4946,Motorcycle
4947,Boat
4948,Motorcycle
4949,Boat
4950,Boat
4951,Boat
4952,Car
4953,Truck
4954,Car
4955,Car
4956,Truck
4957,Car
4958,Car
4959,Helicopter
4960,Car
4961,Car
4962,Car
4963,Car
4964,Car
4965,Car
4966,Bicycle
4967,Car
4968,Ambulance
4969,Car
4970,Car
4971,Motorcycle
4972,Boat
4973,Car
4974,Car
4975,Bicycle
4976,Truck
4977,Car
4978,Car
4979,Car
4980,Truck
4981,Car
4982,Van
4983,Car
4984,Truck
4985,Car
4986,Boat
4987,Caterpillar
4988,Boat
4989,Car
4990,Helicopter
4991,Car
4992,Car
4993,Bicycle
4994,Van
4995,Car
4996,Van
4997,Car
4998,Van
4999,Boat
5000,Segway
5001,Car
5002,Car
5003,Car
5004,Car
5005,Tank
5006,Car
5007,Car
5008,Helicopter
5009,Car
5010,Bus
5011,Car
5012,Car
5013,Helicopter
5014,Van
5015,Car
5016,Truck
5017,Car
5018,Car
5019,Car
5020,Boat
5021,Car
5022,Boat
5023,Car
5024,Boat
5025,Motorcycle
5026,Car
5027,Boat
5028,Truck
5029,Boat
5030,Car
5031,Boat
5032,Car
5033,Car
5034,Car
5035,Bus
5036,Boat
5037,Tank
5038,Helicopter
5039,Helicopter
5040,Car
5041,Boat
5042,Car
5043,Truck
5044,Boat
5045,Motorcycle
5046,Car
5047,Boat
5048,Segway
5049,Motorcycle
5050,Car
5051,Car
5052,Car
5053,Car
5054,Bus
5055,Car
5056,Car
5057,Truck
5058,Car
5059,Van
5060,Boat
5061,Motorcycle
5062,Caterpillar
5063,Van
5064,Boat
5065,Boat
5066,Car
5067,Motorcycle
5068,Car
5069,Car
5070,Truck
5071,Car
5072,Truck
5073,Car
5074,Helicopter
5075,Bicycle
5076,Helicopter
5077,Boat
5078,Boat
5079,Helicopter
5080,Car
5081,Tank
5082,Car
5083,Car
5084,Caterpillar
5085,Car
5086,Car
5087,Bus
5088,Car
5089,Car
5090,Taxi
5091,Boat
5092,Car
5093,Bicycle
5094,Car
5095,Boat
5096,Car
5097,Bicycle
5098,Truck
5099,Ambulance
5100,Car
5101,Car
5102,Bus
5103,Car
5104,Van
5105,Car
5106,Car
5107,Boat
5108,Boat
5109,Car
5110,Car
5111,Car
5112,Bicycle
5113,Truck
5114,Car
5115,Car
5116,Car
5117,Car
5118,Car
5119,Car
5120,Car
5121,Motorcycle
5122,Car
5123,Car
5124,Car
5125,Car
5126,Helicopter
5127,Car
5128,Motorcycle
5129,Truck
5130,Boat
5131,Van
5132,Bicycle
5133,Bus
5134,Truck
5135,Car
5136,Car
5137,Helicopter
5138,Car
5139,Car
5140,Helicopter
5141,Car
5142,Van
5143,Car
5144,Car
5145,Boat
5146,Car
5147,Truck
5148,Caterpillar
5149,Bicycle
5150,Boat
5151,Car
5152,Truck
5153,Truck
5154,Boat
5155,Boat
5156,Bicycle
5157,Car
5158,Truck
5159,Car
5160,Boat
5161,Segway
5162,Caterpillar
5163,Boat
5164,Car
5165,Car
5166,Car
5167,Bicycle
5168,Car
5169,Car
5170,Car
5171,Bicycle
5172,Car
5173,Bicycle
5174,Car
5175,Helicopter
5176,Car
5177,Bicycle
5178,Taxi
5179,Boat
5180,Boat
5181,Bus
5182,Car
5183,Car
5184,Car
5185,Truck
5186,Helicopter
5187,Segway
5188,Car
5189,Boat
5190,Car
5191,Car
5192,Car
5193,Car
5194,Bicycle
5195,Car
5196,Motorcycle
5197,Car
5198,Car
5199,Car
5200,Car
5201,Car
5202,Motorcycle
5203,Car
5204,Boat
5205,Motorcycle
5206,Van
5207,Car
5208,Van
5209,Bicycle
5210,Truck
5211,Motorcycle
5212,Car
5213,Helicopter
5214,Van
5215,Truck
5216,Car
5217,Car
5218,Car
5219,Snowmobile
5220,Motorcycle
5221,Car
5222,Car
5223,Motorcycle
5224,Car
5225,Boat
5226,Boat
5227,Car
5228,Truck
5229,Taxi
5230,Van
5231,Bicycle
5232,Car
5233,Car
5234,Bicycle
5235,Boat
5236,Car
5237,Boat
5238,Car
5239,Van
5240,Car
5241,Tank
5242,Bus
5243,Boat
5244,Segway
5245,Car
5246,Motorcycle
5247,Helicopter
5248,Bus
5249,Segway
5250,Car
5251,Car
5252,Motorcycle
5253,Tank
5254,Truck
5255,Car
5256,Truck
5257,Helicopter
5258,Motorcycle
5259,Boat
5260,Car
5261,Boat
5262,Motorcycle
5263,Ambulance
5264,Car
5265,Car
5266,Car
5267,Car
5268,Car
5269,Boat
5270,Van
5271,Van
5272,Car
5273,Car
5274,Helicopter
5275,Car
5276,Car
5277,Car
5278,Bicycle
5279,Van
5280,Car
5281,Truck
5282,Car
5283,Truck
5284,Boat
5285,Car
5286,Boat
5287,Car
5288,Car
5289,Car
5290,Boat
5291,Van
5292,Helicopter
5293,Bicycle
5294,Boat
5295,Van
5296,Boat
5297,Car
5298,Boat
5299,Car
5300,Car
5301,Car
5302,Bicycle
5303,Bicycle
5304,Boat
5305,Boat
5306,Boat
5307,Boat
5308,Car
5309,Bicycle
5310,Car
5311,Car
5312,Car
5313,Car
5314,Car
5315,Car
5316,Car
5317,Truck
5318,Car
5319,Car
5320,Helicopter
5321,Car
5322,Bicycle
5323,Car
5324,Van
5325,Car
5326,Helicopter
5327,Truck
5328,Car
5329,Truck
5330,Truck
5331,Van
5332,Boat
5333,Boat
5334,Car
5335,Boat
5336,Tank
5337,Car
5338,Ambulance
5339,Motorcycle
5340,Car
5341,Motorcycle
5342,Car
5343,Tank
5344,Car
5345,Car
5346,Car
5347,Boat
5348,Motorcycle
5349,Truck
5350,Bus
5351,Boat
5352,Car
5353,Tank
5354,Car
5355,Car
5356,Car
5357,Bus
5358,Boat
5359,Car
5360,Boat
5361,Boat
5362,Car
5363,Car
5364,Van
5365,Car
5366,Boat
5367,Car
5368,Car
5369,Car
5370,Car
5371,Car
5372,Car
5373,Van
5374,Boat
5375,Car
5376,Helicopter
5377,Truck
5378,Boat
5379,Boat
5380,Car
5381,Car
5382,Truck
5383,Motorcycle
5384,Bus
5385,Helicopter
5386,Car
5387,Truck
5388,Bus
5389,Snowmobile
5390,Caterpillar
5391,Car
5392,Motorcycle
5393,Car
5394,Car
5395,Boat
5396,Car
5397,Car
5398,Car
5399,Helicopter
5400,Boat
5401,Boat
5402,Car
5403,Boat
5404,Car
5405,Motorcycle
5406,Motorcycle
5407,Truck
5408,Truck
5409,Truck
5410,Car
5411,Boat
5412,Boat
5413,Car
5414,Truck
5415,Motorcycle
5416,Van
5417,Boat
5418,Boat
5419,Car
5420,Car
5421,Motorcycle
5422,Car
5423,Boat
5424,Car
5425,Helicopter
5426,Car
5427,Boat
5428,Car
5429,Boat
5430,Boat
5431,Car
5432,Motorcycle
5433,Boat
5434,Car
5435,Car
5436,Truck
5437,Car
5438,Van
5439,Car
5440,Car
5441,Boat
5442,Truck
5443,Boat
5444,Bicycle
5445,Bus
5446,Boat
5447,Bus
5448,Van
5449,Helicopter
5450,Car
5451,Car
5452,Car
5453,Caterpillar
5454,Car
5455,Car
5456,Car
5457,Car
5458,Van
5459,Van
5460,Van
5461,Car
5462,Car
5463,Car
5464,Boat
5465,Tank
5466,Boat
5467,Car
5468,Boat
5469,Helicopter
5470,Car
5471,Car
5472,Car
5473,Car
5474,Car
5475,Helicopter
5476,Boat
5477,Car
5478,Boat
5479,Car
5480,Bus
5481,Car
5482,Car
5483,Motorcycle
5484,Car
5485,Caterpillar
5486,Boat
5487,Van
5488,Boat
5489,Bicycle
5490,Taxi
5491,Boat
5492,Car
5493,Van
5494,Bicycle
5495,Car
5496,Car
5497,Boat
5498,Motorcycle
5499,Boat
5500,Truck
5501,Van
5502,Bicycle
5503,Tank
5504,Segway
5505,Car
5506,Car
5507,Car
5508,Car
5509,Car
5510,Car
5511,Car
5512,Caterpillar
5513,Car
5514,Car
5515,Segway
5516,Van
5517,Boat
5518,Van
5519,Truck
5520,Boat
5521,Bus
5522,Truck
5523,Car
5524,Boat
5525,Helicopter
5526,Boat
5527,Car
5528,Motorcycle
5529,Truck
5530,Car
5531,Truck
5532,Car
5533,Truck
5534,Car
5535,Van
5536,Van
5537,Car
5538,Boat
5539,Helicopter
5540,Car
5541,Boat
5542,Van
5543,Car
5544,Car
5545,Boat
5546,Car
5547,Truck
5548,Car
5549,Boat
5550,Motorcycle
5551,Car
5552,Helicopter
5553,Taxi
5554,Car
5555,Helicopter
5556,Car
5557,Boat
5558,Helicopter
5559,Bus
5560,Bicycle
5561,Motorcycle
5562,Helicopter
5563,Car
5564,Car
5565,Truck
5566,Car
5567,Truck
5568,Car
5569,Car
5570,Car
5571,Boat
5572,Car
5573,Boat
5574,Bicycle
5575,Bus
5576,Boat
5577,Bus
5578,Bicycle
5579,Truck
5580,Boat
5581,Bus
5582,Car
5583,Boat
5584,Helicopter
5585,Car
5586,Tank
5587,Car
5588,Car
5589,Truck
5590,Boat
5591,Bicycle
5592,Segway
5593,Car
5594,Bicycle
5595,Car
5596,Car
5597,Boat
5598,Car
5599,Car
5600,Motorcycle
5601,Boat
5602,Boat
5603,Motorcycle
5604,Helicopter
5605,Boat
5606,Car
5607,Car
5608,Car
5609,Car
5610,Boat
5611,Car
5612,Car
5613,Car
5614,Car
5615,Car
5616,Car
5617,Car
5618,Boat
5619,Car
5620,Bicycle
5621,Car
5622,Car
5623,Truck
5624,Motorcycle
5625,Car
5626,Boat
5627,Car
5628,Bicycle
5629,Car
5630,Motorcycle
5631,Van
5632,Bicycle
5633,Car
5634,Motorcycle
5635,Car
5636,Truck
5637,Car
5638,Boat
5639,Motorcycle
5640,Car
5641,Tank
5642,Bicycle
5643,Truck
5644,Car
5645,Car
5646,Car
5647,Bicycle
5648,Truck
5649,Boat
5650,Helicopter
5651,Bicycle
5652,Car
5653,Car
5654,Car
5655,Tank
5656,Helicopter
5657,Motorcycle
5658,Car
5659,Car
5660,Boat
5661,Car
5662,Helicopter
5663,Car
5664,Bicycle
5665,Car
5666,Car
5667,Boat
5668,Van
5669,Boat
5670,Motorcycle
5671,Car
5672,Car
5673,Car
5674,Helicopter
5675,Car
5676,Motorcycle
5677,Car
5678,Car
5679,Snowmobile
5680,Car
5681,Bicycle
5682,Motorcycle
5683,Motorcycle
5684,Bicycle
5685,Boat
5686,Car
5687,Car
5688,Tank
5689,Bus
5690,Boat
5691,Car
5692,Bicycle
5693,Car
5694,Boat
5695,Van
5696,Truck
5697,Car
5698,Helicopter
5699,Bicycle
5700,Boat
5701,Car
5702,Van
5703,Car
5704,Helicopter
5705,Snowmobile
5706,Car
5707,Van
5708,Car
5709,Helicopter
5710,Car
5711,Boat
5712,Boat
5713,Car
5714,Boat
5715,Boat
5716,Van
5717,Boat
5718,Truck
5719,Motorcycle
5720,Car
5721,Car
5722,Boat
5723,Car
5724,Car
5725,Bus
5726,Car
5727,Boat
5728,Boat
5729,Boat
5730,Car
5731,Car
5732,Car
5733,Van
5734,Helicopter
5735,Bicycle
5736,Car
5737,Car
5738,Car
5739,Bicycle
5740,Car
5741,Motorcycle
5742,Car
5743,Car
5744,Bus
5745,Van
5746,Van
5747,Helicopter
5748,Van
5749,Car
5750,Truck
5751,Car
5752,Truck
5753,Car
5754,Boat
5755,Car
5756,Motorcycle
5757,Car
5758,Boat
5759,Boat
5760,Boat
5761,Van
5762,Car
5763,Car
5764,Car
5765,Bicycle
5766,Car
5767,Motorcycle
5768,Truck
5769,Truck
5770,Bus
5771,Car
5772,Bicycle
5773,Boat
5774,Car
5775,Boat
5776,Boat
5777,Boat
5778,Truck
5779,Caterpillar
5780,Van
5781,Van
5782,Boat
5783,Taxi
5784,Car
5785,Segway
5786,Motorcycle
5787,Caterpillar
5788,Bus
5789,Bicycle
5790,Motorcycle
5791,Car
5792,Car
5793,Boat
5794,Car
5795,Truck
5796,Car
5797,Car
5798,Car
5799,Car
5800,Motorcycle
5801,Car
5802,Car
5803,Helicopter
5804,Boat
5805,Truck
5806,Car
5807,Boat
5808,Car
5809,Truck
5810,Car
5811,Car
5812,Car
5813,Van
5814,Car
5815,Car
5816,Car
5817,Truck
5818,Car
5819,Boat
5820,Car
5821,Car
5822,Bicycle
5823,Boat
5824,Bicycle
5825,Car
5826,Car
5827,Boat
5828,Boat
5829,Boat
5830,Car
5831,Car
5832,Car
5833,Car
5834,Segway
5835,Van
5836,Car
5837,Truck
5838,Car
5839,Van
5840,Car
5841,Boat
5842,Car
5843,Boat
5844,Car
5845,Boat
5846,Car
5847,Boat
5848,Boat
5849,Boat
5850,Boat
5851,Car
5852,Car
5853,Car
5854,Car
5855,Boat
5856,Bus
5857,Truck
5858,Caterpillar
5859,Truck
5860,Bicycle
5861,Caterpillar
5862,Car
5863,Bicycle
5864,Car
5865,Helicopter
5866,Car
5867,Helicopter
5868,Boat
5869,Car
5870,Car
5871,Car
5872,Boat
5873,Car
5874,Car
5875,Bicycle
5876,Motorcycle
5877,Bicycle
5878,Bus
5879,Motorcycle
5880,Truck
5881,Car
5882,Car
5883,Boat
5884,Car
5885,Car
5886,Car
5887,Car
5888,Caterpillar
5889,Tank
5890,Boat
5891,Car
5892,Bus
5893,Car
5894,Truck
5895,Bus
5896,Car
5897,Helicopter
5898,Truck
5899,Car
5900,Car
5901,Motorcycle
5902,Car
5903,Car
5904,Bus
5905,Car
5906,Boat
5907,Bus
5908,Boat
5909,Car
5910,Car
5911,Car
5912,Motorcycle
5913,Helicopter
5914,Car
5915,Car
5916,Van
5917,Boat
5918,Helicopter
5919,Car
5920,Car
5921,Bicycle
5922,Bicycle
5923,Motorcycle
5924,Boat
5925,Car
5926,Car
5927,Car
5928,Car
5929,Bus
5930,Truck
5931,Motorcycle
5932,Car
5933,Car
5934,Car
5935,Boat
5936,Caterpillar
5937,Car
5938,Helicopter
5939,Truck
5940,Boat
5941,Bus
5942,Ambulance
5943,Van
5944,Car
5945,Boat
5946,Boat
5947,Car
5948,Car
5949,Car
5950,Boat
5951,Boat
5952,Bicycle
5953,Boat
5954,Car
5955,Boat
5956,Bicycle
5957,Car
5958,Bicycle
5959,Motorcycle
5960,Car
5961,Van
5962,Boat
5963,Car
5964,Truck
5965,Car
5966,Car
5967,Car
5968,Car
5969,Car
5970,Car
5971,Car
5972,Boat
5973,Car
5974,Car
5975,Motorcycle
5976,Boat
5977,Car
5978,Truck
5979,Van
5980,Bicycle
5981,Tank
5982,Car
5983,Boat
5984,Truck
5985,Car
5986,Boat
5987,Boat
5988,Van
5989,Boat
5990,Car
5991,Car
5992,Car
5993,Car
5994,Boat
5995,Boat
5996,Car
5997,Segway
5998,Car
5999,Car
6000,Car
6001,Motorcycle
6002,Boat
6003,Boat
6004,Car
6005,Car
6006,Truck
6007,Bus
6008,Bicycle
6009,Tank
6010,Car
6011,Helicopter
6012,Car
6013,Car
6014,Car
6015,Car
6016,Car
6017,Tank
6018,Car
6019,Car
6020,Motorcycle
6021,Boat
6022,Car
6023,Car
6024,Car
6025,Boat
6026,Boat
6027,Bicycle
6028,Car
6029,Boat
6030,Car
6031,Car
6032,Bus
6033,Boat
6034,Boat
6035,Helicopter
6036,Motorcycle
6037,Car
6038,Van
6039,Caterpillar
6040,Boat
6041,Car
6042,Car
6043,Car
6044,Car
6045,Car
6046,Car
6047,Car
6048,Car
6049,Car
6050,Car
6051,Helicopter
6052,Motorcycle
6053,Motorcycle
6054,Boat
6055,Car
6056,Helicopter
6057,Boat
6058,Motorcycle
6059,Car
6060,Car
6061,Boat
6062,Motorcycle
6063,Boat
6064,Motorcycle
6065,Car
6066,Truck
6067,Boat
6068,Van
6069,Car
6070,Helicopter
6071,Boat
6072,Car
6073,Car
6074,Boat
6075,Truck
6076,Car
6077,Boat
6078,Car
6079,Car
6080,Car
6081,Car
6082,Truck
6083,Car
6084,Taxi
6085,Boat
6086,Truck
6087,Car
6088,Helicopter
6089,Van
6090,Truck
6091,Boat
6092,Car
6093,Boat
6094,Car
6095,Boat
6096,Boat
6097,Motorcycle
6098,Boat
6099,Helicopter
6100,Car
6101,Car
6102,Car
6103,Car
6104,Van
6105,Car
6106,Car
6107,Car
6108,Boat
6109,Boat
6110,Van
6111,Car
6112,Van
6113,Car
6114,Bus
6115,Boat
6116,Car
6117,Barge
6118,Car
6119,Boat
6120,Car
6121,Car
6122,Car
6123,Truck
6124,Car
6125,Motorcycle
6126,Taxi
6127,Car
6128,Bus
6129,Bicycle
6130,Truck
6131,Car
6132,Van
6133,Boat
6134,Car
6135,Car
6136,Car
6137,Truck
6138,Car
6139,Car
6140,Car
6141,Bicycle
6142,Car
6143,Bus
6144,Car
6145,Truck
6146,Car
6147,Car
6148,Helicopter
6149,Boat
6150,Motorcycle
6151,Motorcycle
6152,Car
6153,Boat
6154,Car
6155,Tank
6156,Car
6157,Boat
6158,Car
6159,Car
6160,Car
6161,Tank
6162,Boat
6163,Van
6164,Car
6165,Boat
6166,Motorcycle
6167,Car
6168,Taxi
6169,Van
6170,Car
6171,Helicopter
6172,Barge
6173,Car
6174,Car
6175,Car
6176,Caterpillar
6177,Car
6178,Car
6179,Tank
6180,Boat
6181,Van
6182,Bicycle
6183,Caterpillar
6184,Caterpillar
6185,Helicopter
6186,Motorcycle
6187,Bus
6188,Boat
6189,Car
6190,Bicycle
6191,Boat
6192,Segway
6193,Car
6194,Caterpillar
6195,Car
6196,Truck
6197,Motorcycle
6198,Boat
6199,Boat
6200,Car
6201,Bicycle
6202,Truck
6203,Ambulance
6204,Car
6205,Helicopter
6206,Bicycle
6207,Boat
6208,Car
6209,Bicycle
6210,Car
6211,Car
6212,Bicycle
6213,Motorcycle
6214,Car
6215,Taxi
6216,Car
6217,Boat
6218,Truck
6219,Bus
6220,Truck
6221,Boat
6222,Car
6223,Car
6224,Car
6225,Taxi
6226,Boat
6227,Bus
6228,Car
6229,Helicopter
6230,Car
6231,Car
6232,Car
6233,Truck
6234,Car
6235,Car
6236,Car
6237,Car
6238,Motorcycle
6239,Helicopter
6240,Car
6241,Car
6242,Truck
6243,Boat
6244,Boat
6245,Bicycle
6246,Car
6247,Bicycle
6248,Car
6249,Boat
6250,Bicycle
6251,Car
6252,Helicopter
6253,Van
6254,Car
6255,Bicycle
6256,Car
6257,Caterpillar
6258,Boat
6259,Truck
6260,Car
6261,Van
6262,Boat
6263,Boat
6264,Car
6265,Helicopter
6266,Truck
6267,Car
6268,Motorcycle
6269,Car
6270,Helicopter
6271,Bicycle
6272,Taxi
6273,Helicopter
6274,Car
6275,Boat
6276,Tank
6277,Helicopter
6278,Boat
6279,Boat
6280,Car
6281,Car
6282,Car
6283,Bicycle
6284,Car
6285,Car
6286,Car
6287,Car
6288,Bus
6289,Truck
6290,Boat
6291,Car
6292,Motorcycle
6293,Boat
6294,Car
6295,Helicopter
6296,Boat
6297,Car
6298,Car
6299,Car
6300,Motorcycle
6301,Car
6302,Car
6303,Motorcycle
6304,Van
6305,Bicycle
6306,Car
6307,Boat
6308,Snowmobile
6309,Helicopter
6310,Car
6311,Truck
6312,Bicycle
6313,Bus
6314,Car
6315,Motorcycle
6316,Car
6317,Boat
6318,Truck
6319,Motorcycle
6320,Car
6321,Motorcycle
6322,Boat
6323,Truck
6324,Bus
6325,Truck
6326,Car
6327,Car
6328,Car
6329,Car
6330,Helicopter
6331,Boat
6332,Car
6333,Boat
6334,Car
6335,Car
6336,Car
6337,Motorcycle
6338,Car
6339,Boat
6340,Car
6341,Boat
6342,Car
6343,Van
6344,Truck
6345,Boat
6346,Car
6347,Boat
6348,Caterpillar
6349,Helicopter
6350,Truck
6351,Boat
6352,Helicopter
6353,Car
6354,Car
6355,Car
6356,Van
6357,Car
6358,Car
6359,Helicopter
6360,Helicopter
6361,Car
6362,Car
6363,Bicycle
6364,Bicycle
6365,Car
6366,Truck
6367,Car
6368,Truck
6369,Tank
6370,Car
6371,Car
6372,Boat
6373,Boat
6374,Car
6375,Car
6376,Truck
6377,Caterpillar
6378,Motorcycle
6379,Car
6380,Motorcycle
6381,Car
6382,Car
6383,Boat
6384,Car
6385,Car
6386,Car
6387,Bus
6388,Truck
6389,Truck
6390,Boat
6391,Car
6392,Car
6393,Car
6394,Car
6395,Boat
6396,Car
6397,Car
6398,Helicopter
6399,Car
6400,Motorcycle
6401,Truck
6402,Motorcycle
6403,Car
6404,Car
6405,Car
6406,Car
6407,Car
6408,Boat
6409,Motorcycle
6410,Truck
6411,Bicycle
6412,Car
6413,Boat
6414,Car
6415,Car
6416,Car
6417,Boat
6418,Motorcycle
6419,Boat
6420,Car
6421,Car
6422,Boat
6423,Car
6424,Car
6425,Car
6426,Boat
6427,Boat
6428,Motorcycle
6429,Tank
6430,Car
6431,Boat
6432,Car
6433,Helicopter
6434,Car
6435,Boat
6436,Boat
6437,Boat
6438,Boat
6439,Bus
6440,Car
6441,Truck
6442,Truck
6443,Car
6444,Boat
6445,Boat
6446,Car
6447,Boat
6448,Car
6449,Truck
6450,Car
6451,Bicycle
6452,Car
6453,Car
6454,Car
6455,Car
6456,Car
6457,Boat
6458,Boat
6459,Tank
6460,Boat
6461,Car
6462,Car
6463,Car
6464,Helicopter
6465,Motorcycle
6466,Bus
6467,Car
6468,Car
6469,Car
6470,Van
6471,Car
6472,Car
6473,Car
6474,Car
6475,Car
6476,Bicycle
6477,Boat
6478,Motorcycle
6479,Motorcycle
6480,Car
6481,Car
6482,Caterpillar
6483,Car
6484,Boat
6485,Tank
6486,Helicopter
6487,Car
6488,Van
6489,Car
6490,Caterpillar
6491,Boat
6492,Car
6493,Car
6494,Van
6495,Van
6496,Car
6497,Helicopter
6498,Car
6499,Car
6500,Boat
6501,Car
6502,Helicopter
6503,Boat
6504,Car
6505,Car
6506,Car
6507,Boat
6508,Truck
6509,Car
6510,Motorcycle
6511,Boat
6512,Boat
6513,Car
6514,Boat
6515,Van
6516,Car
6517,Bus
6518,Segway
6519,Boat
6520,Boat
6521,Boat
6522,Helicopter
6523,Car
6524,Helicopter
6525,Van
6526,Car
6527,Truck
6528,Car
6529,Car
6530,Car
6531,Van
6532,Car
6533,Car
6534,Car
6535,Car
6536,Helicopter
6537,Bicycle
6538,Car
6539,Bicycle
6540,Truck
6541,Boat
6542,Van
6543,Car
6544,Bus
6545,Car
6546,Boat
6547,Car
6548,Bicycle
6549,Car
6550,Boat
6551,Motorcycle
6552,Boat
6553,Car
6554,Car
6555,Truck
6556,Car
6557,Car
6558,Car
6559,Car
6560,Car
6561,Car
6562,Boat
6563,Car
6564,Bus
6565,Car
6566,Truck
6567,Car
6568,Motorcycle
6569,Boat
6570,Truck
6571,Car
6572,Car
6573,Bicycle
6574,Car
6575,Car
6576,Car
6577,Car
6578,Car
6579,Car
6580,Truck
6581,Car
6582,Car
6583,Car
6584,Boat
6585,Bicycle
6586,Car
6587,Truck
6588,Car
6589,Boat
6590,Boat
6591,Car
6592,Car
6593,Car
6594,Car
6595,Car
6596,Truck
6597,Bicycle
6598,Van
6599,Truck
6600,Bicycle
6601,Car
6602,Truck
6603,Car
6604,Car
6605,Helicopter
6606,Boat
6607,Truck
6608,Boat
6609,Car
6610,Car
6611,Boat
6612,Boat
6613,Boat
6614,Boat
6615,Boat
6616,Car
6617,Truck
6618,Car
6619,Helicopter
6620,Taxi
6621,Helicopter
6622,Boat
6623,Car
6624,Bicycle
6625,Car
6626,Car
6627,Car
6628,Boat
6629,Boat
6630,Bicycle
6631,Caterpillar
6632,Motorcycle
6633,Car
6634,Boat
6635,Truck
6636,Car
6637,Car
6638,Truck
6639,Car
6640,Car
6641,Car
6642,Car
6643,Car
6644,Caterpillar
6645,Bicycle
6646,Helicopter
6647,Helicopter
6648,Car
6649,Car
6650,Truck
6651,Car
6652,Car
6653,Truck
6654,Bus
6655,Car
6656,Boat
6657,Motorcycle
6658,Car
6659,Car
6660,Car
6661,Boat
6662,Car
6663,Car
6664,Boat
6665,Car
6666,Car
6667,Car
6668,Taxi
6669,Bicycle
6670,Car
6671,Boat
6672,Car
6673,Car
6674,Boat
6675,Van
6676,Car
6677,Motorcycle
6678,Car
6679,Helicopter
6680,Car
6681,Helicopter
6682,Truck
6683,Truck
6684,Boat
6685,Truck
6686,Car
6687,Truck
6688,Car
6689,Motorcycle
6690,Car
6691,Car
6692,Helicopter
6693,Van
6694,Van
6695,Car
6696,Boat
6697,Boat
6698,Bicycle
6699,Car
6700,Boat
6701,Boat
6702,Truck
6703,Truck
6704,Car
6705,Car
6706,Truck
6707,Boat
6708,Bicycle
6709,Boat
6710,Car
6711,Car
6712,Car
6713,Truck
6714,Boat
6715,Car
6716,Helicopter
6717,Boat
6718,Car
6719,Car
6720,Car
6721,Motorcycle
6722,Bicycle
6723,Motorcycle
6724,Car
6725,Car
6726,Truck
6727,Boat
6728,Boat
6729,Car
6730,Car
6731,Bicycle
6732,Car
6733,Car
6734,Boat
6735,Bus
6736,Car
6737,Car
6738,Boat
6739,Car
6740,Car
6741,Car
6742,Car
6743,Truck
6744,Van
6745,Boat
6746,Car
6747,Car
6748,Boat
6749,Car
6750,Car
6751,Boat
6752,Car
6753,Boat
6754,Motorcycle
6755,Motorcycle
6756,Car
6757,Car
6758,Car
6759,Bicycle
6760,Truck
6761,Boat
6762,Car
6763,Bicycle
6764,Truck
6765,Car
6766,Motorcycle
6767,Car
6768,Boat
6769,Car
6770,Car
6771,Car
6772,Car
6773,Truck
6774,Car
6775,Car
6776,Car
6777,Helicopter
6778,Boat
6779,Helicopter
6780,Car
6781,Car
6782,Car
6783,Car
6784,Car
6785,Helicopter
6786,Car
6787,Boat
6788,Boat
6789,Car
6790,Car
6791,Segway
6792,Bicycle
6793,Tank
6794,Motorcycle
6795,Helicopter
6796,Car
6797,Car
6798,Helicopter
6799,Tank
6800,Boat
6801,Car
6802,Car
6803,Car
6804,Car
6805,Bicycle
6806,Van
6807,Car
6808,Motorcycle
6809,Taxi
6810,Truck
6811,Boat
6812,Truck
6813,Bicycle
6814,Car
6815,Truck
6816,Boat
6817,Car
6818,Motorcycle
6819,Snowmobile
6820,Car
6821,Car
6822,Boat
6823,Bicycle
6824,Car
6825,Car
6826,Motorcycle
6827,Boat
6828,Snowmobile
6829,Car
6830,Car
6831,Caterpillar
6832,Boat
6833,Car
6834,Car
6835,Motorcycle
6836,Truck
6837,Van
6838,Truck
6839,Boat
6840,Boat
6841,Car
6842,Truck
6843,Car
6844,Car
6845,Car
6846,Car
6847,Boat
6848,Boat
6849,Boat
6850,Van
6851,Car
6852,Car
6853,Car
6854,Boat
6855,Motorcycle
6856,Helicopter
6857,Boat
6858,Car
6859,Boat
6860,Truck
6861,Boat
6862,Boat
6863,Car
6864,Van
6865,Truck
6866,Taxi
6867,Car
6868,Truck
6869,Car
6870,Car
6871,Car
6872,Boat
6873,Car
6874,Motorcycle
6875,Boat
6876,Truck
6877,Boat
6878,Car
6879,Taxi
6880,Car
6881,Car
6882,Boat
6883,Car
6884,Bicycle
6885,Car
6886,Truck
6887,Car
6888,Boat
6889,Car
6890,Truck
6891,Truck
6892,Boat
6893,Car
6894,Car
6895,Boat
6896,Bicycle
6897,Truck
6898,Truck
6899,Boat
6900,Car
6901,Truck
6902,Car
6903,Truck
6904,Boat
6905,Car
6906,Caterpillar
6907,Car
6908,Motorcycle
6909,Car
6910,Bicycle
6911,Car
6912,Car
6913,Car
6914,Car
6915,Car
6916,Tank
6917,Van
6918,Car
6919,Ambulance
6920,Car
6921,Boat
6922,Car
6923,Car
6924,Boat
6925,Car
6926,Car
6927,Truck
6928,Truck
6929,Van
6930,Car
6931,Truck
6932,Car
6933,Car
6934,Motorcycle
6935,Car
6936,Car
6937,Car
6938,Car
6939,Boat
6940,Truck
6941,Boat
6942,Car
6943,Car
6944,Car
6945,Car
6946,Car
6947,Truck
6948,Caterpillar
6949,Car
6950,Car
6951,Car
6952,Truck
6953,Car
6954,Helicopter
6955,Bicycle
6956,Car
6957,Bus
6958,Motorcycle
6959,Car
6960,Car
6961,Car
6962,Boat
6963,Bus
6964,Bicycle
6965,Car
6966,Bus
6967,Helicopter
6968,Van
6969,Car
6970,Bus
6971,Van
6972,Bus
6973,Boat
6974,Car
6975,Boat
6976,Car
6977,Car
6978,Tank
6979,Boat
6980,Helicopter
6981,Boat
6982,Boat
6983,Car
6984,Truck
6985,Car
6986,Car
6987,Truck
6988,Truck
6989,Truck
6990,Segway
6991,Boat
6992,Car
6993,Taxi
6994,Car
6995,Boat
6996,Car
6997,Motorcycle
6998,Car
6999,Car
7000,Car
7001,Car
7002,Van
7003,Motorcycle
7004,Boat
7005,Car
7006,Bicycle
7007,Truck
7008,Car
7009,Car
7010,Car
7011,Car
7012,Car
7013,Van
7014,Boat
7015,Car
7016,Car
7017,Car
7018,Car
7019,Bicycle
7020,Car
7021,Truck
7022,Boat
7023,Boat
7024,Ambulance
7025,Car
7026,Boat
7027,Truck
7028,Helicopter
7029,Car
7030,Boat
7031,Boat
7032,Car
7033,Boat
7034,Motorcycle
7035,Car
7036,Bus
7037,Car
7038,Car
7039,Boat
7040,Car
7041,Car
7042,Truck
7043,Truck
7044,Car
7045,Boat
7046,Car
7047,Car
7048,Van
7049,Taxi
7050,Car
7051,Bicycle
7052,Car
7053,Car
7054,Car
7055,Motorcycle
7056,Boat
7057,Car
7058,Car
7059,Helicopter
7060,Boat
7061,Boat
7062,Truck
7063,Truck
7064,Motorcycle
7065,Truck
7066,Boat
7067,Car
7068,Car
7069,Boat
7070,Van
7071,Car
7072,Helicopter
7073,Boat
7074,Bicycle
7075,Car
7076,Van
7077,Car
7078,Boat
7079,Van
7080,Bus
7081,Boat
7082,Car
7083,Car
7084,Car
7085,Car
7086,Boat
7087,Truck
7088,Ambulance
7089,Bicycle
7090,Car
7091,Bicycle
7092,Car
7093,Motorcycle
7094,Bus
7095,Car
7096,Car
7097,Boat
7098,Car
7099,Boat
7100,Van
7101,Boat
7102,Motorcycle
7103,Car
7104,Car
7105,Van
7106,Car
7107,Van
7108,Car
7109,Tank
7110,Boat
7111,Car
7112,Car
7113,Boat
7114,Car
7115,Car
7116,Ambulance
7117,Car
7118,Boat
7119,Car
7120,Car
7121,Car
7122,Car
7123,Car
7124,Motorcycle
7125,Boat
7126,Car
7127,Car
7128,Boat
7129,Car
7130,Boat
7131,Helicopter
7132,Car
7133,Boat
7134,Helicopter
7135,Car
7136,Car
7137,Truck
7138,Tank
7139,Caterpillar
7140,Bicycle
7141,Car
7142,Helicopter
7143,Car
7144,Taxi
7145,Car
7146,Car
7147,Truck
7148,Truck
7149,Motorcycle
7150,Van
7151,Boat
7152,Bicycle
7153,Boat
7154,Car
7155,Truck
7156,Car
7157,Boat
7158,Boat
7159,Segway
7160,Motorcycle
7161,Car
7162,Car
7163,Car
7164,Truck
7165,Tank
7166,Van
7167,Van
7168,Car
7169,Car
7170,Car
7171,Boat
7172,Truck
7173,Truck
7174,Motorcycle
7175,Truck
7176,Car
7177,Bus
7178,Car
7179,Truck
7180,Boat
7181,Truck
7182,Tank
7183,Car
7184,Truck
7185,Van
7186,Car
7187,Boat
7188,Car
7189,Boat
7190,Boat
7191,Van
7192,Car
7193,Boat
7194,Car
7195,Car
7196,Helicopter
7197,Car
7198,Truck
7199,Car
7200,Boat
7201,Van
7202,Car
7203,Truck
7204,Car
7205,Car
7206,Van
7207,Bicycle
7208,Bus
7209,Helicopter
7210,Car
7211,Car
7212,Helicopter
7213,Boat
7214,Helicopter
7215,Bus
7216,Car
7217,Car
7218,Boat
7219,Helicopter
7220,Truck
7221,Boat
7222,Truck
7223,Boat
7224,Boat
7225,Car
7226,Car
7227,Tank
7228,Taxi
7229,Car
7230,Car
7231,Car
7232,Car
7233,Boat
7234,Caterpillar
7235,Car
7236,Boat
7237,Snowmobile
7238,Car
7239,Boat
7240,Car
7241,Car
7242,Car
7243,Bus
7244,Van
7245,Car
7246,Segway
7247,Car
7248,Boat
7249,Car
7250,Car
7251,Boat
7252,Car
7253,Car
7254,Bicycle
7255,Helicopter
7256,Boat
7257,Boat
7258,Boat
7259,Boat
7260,Caterpillar
7261,Car
7262,Car
7263,Car
7264,Car
7265,Boat
7266,Car
7267,Boat
7268,Motorcycle
7269,Car
7270,Car
7271,Car
7272,Truck
7273,Car
7274,Van
7275,Car
7276,Car
7277,Car
7278,Motorcycle
7279,Segway
7280,Car
7281,Boat
7282,Boat
7283,Boat
7284,Car
7285,Helicopter
7286,Car
7287,Motorcycle
7288,Car
7289,Helicopter
7290,Car
7291,Car
7292,Motorcycle
7293,Van
7294,Helicopter
7295,Car
7296,Van
7297,Car
7298,Car
7299,Truck
7300,Bus
7301,Car
7302,Truck
7303,Truck
7304,Van
7305,Snowmobile
7306,Motorcycle
7307,Car
7308,Boat
7309,Bicycle
7310,Car
7311,Bus
7312,Car
7313,Truck
7314,Boat
7315,Motorcycle
7316,Car
7317,Boat
7318,Car
7319,Boat
7320,Van
7321,Car
7322,Car
7323,Boat
7324,Car
7325,Car
7326,Van
7327,Bicycle
7328,Motorcycle
7329,Motorcycle
7330,Bus
7331,Bus
7332,Car
7333,Motorcycle
7334,Car
7335,Car
7336,Car
7337,Bicycle
7338,Bus
7339,Car
7340,Helicopter
7341,Car
7342,Van
7343,Van
7344,Car
7345,Car
7346,Car
7347,Motorcycle
7348,Truck
7349,Car
7350,Car
7351,Boat
7352,Snowmobile
7353,Car
7354,Truck
7355,Car
7356,Helicopter
7357,Caterpillar
7358,Motorcycle
7359,Car
7360,Car
7361,Car
7362,Bicycle
7363,Car
7364,Helicopter
7365,Car
7366,Car
7367,Boat
7368,Motorcycle
7369,Helicopter
7370,Boat
7371,Boat
7372,Boat
7373,Car
7374,Car
7375,Car
7376,Helicopter
7377,Boat
7378,Van
7379,Bicycle
7380,Car
7381,Bicycle
7382,Car
7383,Car
7384,Car
7385,Car
7386,Caterpillar
7387,Car
7388,Boat
7389,Boat
7390,Helicopter
7391,Car
7392,Car
7393,Car
7394,Car
7395,Car
7396,Bicycle
7397,Car
7398,Car
7399,Car
7400,Car
7401,Car
7402,Van
7403,Boat
7404,Bus
7405,Car
7406,Car
7407,Motorcycle
7408,Car
7409,Truck
7410,Van
7411,Taxi
7412,Helicopter
7413,Bus
7414,Boat
7415,Bus
7416,Helicopter
7417,Car
7418,Boat
7419,Car
7420,Boat
7421,Car
7422,Car
7423,Car
7424,Car
7425,Car
7426,Car
7427,Car
7428,Car
7429,Boat
7430,Truck
7431,Taxi
7432,Bicycle
7433,Car
7434,Car
7435,Car
7436,Van
7437,Boat
7438,Car
7439,Boat
7440,Car
7441,Car
7442,Segway
7443,Car
7444,Taxi
7445,Car
7446,Bicycle
7447,Boat
7448,Bicycle
7449,Car
7450,Car
7451,Boat
7452,Van
7453,Truck
7454,Car
7455,Barge
7456,Motorcycle
7457,Segway
7458,Tank
7459,Boat
7460,Truck
7461,Segway
7462,Bicycle
7463,Bicycle
7464,Ambulance
7465,Bicycle
7466,Car
7467,Bicycle
7468,Helicopter
7469,Bicycle
7470,Boat
7471,Car
7472,Taxi
7473,Motorcycle
7474,Motorcycle
7475,Boat
7476,Car
7477,Car
7478,Motorcycle
7479,Car
7480,Bicycle
7481,Boat
7482,Car
7483,Helicopter
7484,Car
7485,Boat
7486,Car
7487,Boat
7488,Car
7489,Helicopter
7490,Car
7491,Car
7492,Car
7493,Boat
7494,Car
7495,Boat
7496,Boat
7497,Car
7498,Tank
7499,Bus
7500,Boat
7501,Boat
7502,Boat
7503,Car
7504,Boat
7505,Motorcycle
7506,Motorcycle
7507,Bicycle
7508,Van
7509,Car
7510,Helicopter
7511,Car
7512,Car
7513,Car
7514,Taxi
7515,Bus
7516,Boat
7517,Boat
7518,Boat
7519,Car
7520,Helicopter
7521,Truck
7522,Bus
7523,Boat
7524,Car
7525,Bicycle
7526,Car
7527,Boat
7528,Car
7529,Car
7530,Car
7531,Motorcycle
7532,Van
7533,Car
7534,Boat
7535,Car
7536,Car
7537,Car
7538,Helicopter
7539,Car
7540,Car
7541,Car
7542,Car
7543,Boat
7544,Car
7545,Car
7546,Car
7547,Car
7548,Boat
7549,Car
7550,Bus
7551,Car
7552,Car
7553,Truck
7554,Caterpillar
7555,Helicopter
7556,Car
7557,Truck
7558,Boat
7559,Car
7560,Van
7561,Car
7562,Bicycle
7563,Car
7564,Helicopter
7565,Car
7566,Car
7567,Boat
7568,Bus
7569,Boat
7570,Bicycle
7571,Car
7572,Van
7573,Van
7574,Car
7575,Motorcycle
7576,Car
7577,Helicopter
7578,Car
7579,Helicopter
7580,Boat
7581,Car
7582,Car
7583,Car
7584,Car
7585,Car
7586,Car
7587,Motorcycle
7588,Boat
7589,Car
7590,Bicycle
7591,Boat
7592,Car
7593,Helicopter
7594,Motorcycle
7595,Boat
7596,Van
7597,Boat
7598,Car
7599,Van
7600,Car
7601,Car
7602,Car
7603,Boat
7604,Van
7605,Bus
7606,Van
7607,Van
7608,Bicycle
7609,Truck
7610,Car
7611,Boat
7612,Helicopter
7613,Car
7614,Bicycle
7615,Boat
7616,Car
7617,Car
7618,Helicopter
7619,Boat
7620,Car
7621,Boat
7622,Car
7623,Boat
7624,Snowmobile
7625,Car
7626,Truck
7627,Car
7628,Caterpillar
7629,Car
7630,Car
7631,Car
7632,Car
7633,Car
7634,Car
7635,Helicopter
7636,Helicopter
7637,Boat
7638,Truck
7639,Car
7640,Car
7641,Car
7642,Boat
7643,Motorcycle
7644,Car
7645,Bicycle
7646,Boat
7647,Motorcycle
7648,Car
7649,Car
7650,Boat
7651,Car
7652,Taxi
7653,Car
7654,Car
7655,Car
7656,Bicycle
7657,Boat
7658,Helicopter
7659,Van
7660,Boat
7661,Car
7662,Motorcycle
7663,Car
7664,Truck
7665,Car
7666,Car
7667,Car
7668,Car
7669,Motorcycle
7670,Car
7671,Car
7672,Taxi
7673,Car
7674,Bicycle
7675,Car
7676,Boat
7677,Van
7678,Car
7679,Car
7680,Helicopter
7681,Car
7682,Boat
7683,Car
7684,Bicycle
7685,Bicycle
7686,Car
7687,Car
7688,Car
7689,Car
7690,Car
7691,Boat
7692,Car
7693,Car
7694,Car
7695,Truck
7696,Car
7697,Car
7698,Truck
7699,Boat
7700,Car
7701,Motorcycle
7702,Truck
7703,Truck
7704,Car
7705,Truck
7706,Truck
7707,Car
7708,Car
7709,Car
7710,Bicycle
7711,Boat
7712,Motorcycle
7713,Boat
7714,Car
7715,Car
7716,Car
7717,Car
7718,Car
7719,Car
7720,Car
7721,Car
7722,Van
7723,Car
7724,Car
7725,Motorcycle
7726,Car
7727,Car
7728,Truck
7729,Truck
7730,Bicycle
7731,Van
7732,Bicycle
7733,Boat
7734,Bicycle
7735,Car
7736,Car
7737,Bus
7738,Boat
7739,Boat
7740,Bus
7741,Boat
7742,Tank
7743,Bicycle
7744,Car
7745,Boat
7746,Car
7747,Car
7748,Boat
7749,Bicycle
7750,Boat
7751,Boat
7752,Boat
7753,Car
7754,Car
7755,Car
7756,Car
7757,Bicycle
7758,Car
7759,Boat
7760,Car
7761,Segway
7762,Van
7763,Boat
7764,Boat
7765,Car
7766,Truck
7767,Car
7768,Car
7769,Car
7770,Car
7771,Boat
7772,Bus
7773,Car
7774,Boat
7775,Bicycle
7776,Car
7777,Truck
7778,Segway
7779,Car
7780,Car
7781,Van
7782,Bus
7783,Car
7784,Car
7785,Van
7786,Boat
7787,Boat
7788,Motorcycle
7789,Car
7790,Car
7791,Car
7792,Car
7793,Boat
7794,Van
7795,Car
7796,Car
7797,Car
7798,Truck
7799,Boat
7800,Van
7801,Caterpillar
7802,Boat
7803,Van
7804,Bus
7805,Car
7806,Caterpillar
7807,Car
7808,Bus
7809,Car
7810,Boat
7811,Car
7812,Boat
7813,Boat
7814,Boat
7815,Car
7816,Truck
7817,Car
7818,Car
7819,Car
7820,Car
7821,Truck
7822,Boat
7823,Car
7824,Car
7825,Van
7826,Car
7827,Truck
7828,Bus
7829,Boat
7830,Car
7831,Motorcycle
7832,Car
7833,Car
7834,Car
7835,Truck
7836,Motorcycle
7837,Bus
7838,Truck
7839,Helicopter
7840,Boat
7841,Car
7842,Car
7843,Motorcycle
7844,Car
7845,Car
7846,Bicycle
7847,Truck
7848,Car
7849,Car
7850,Car
7851,Car
7852,Boat
7853,Car
7854,Car
7855,Segway
7856,Van
7857,Car
7858,Helicopter
7859,Boat
7860,Car
7861,Car
7862,Bicycle
7863,Motorcycle
7864,Car
7865,Bicycle
7866,Car
7867,Snowmobile
7868,Tank
7869,Car
7870,Truck
7871,Car
7872,Boat
7873,Car
7874,Truck
7875,Boat
7876,Car
7877,Van
7878,Truck
7879,Boat
7880,Motorcycle
7881,Boat
7882,Boat
7883,Caterpillar
7884,Boat
7885,Caterpillar
7886,Van
7887,Car
7888,Car
7889,Caterpillar
7890,Car
7891,Truck
7892,Car
7893,Car
7894,Helicopter
7895,Motorcycle
7896,Tank
7897,Car
7898,Tank
7899,Boat
7900,Car
7901,Motorcycle
7902,Car
7903,Car
7904,Helicopter
7905,Car
7906,Car
7907,Truck
7908,Car
7909,Helicopter
7910,Truck
7911,Van
7912,Helicopter
7913,Segway
7914,Car
7915,Boat
7916,Boat
7917,Car
7918,Car
7919,Car
7920,Bicycle
7921,Helicopter
7922,Boat
7923,Boat
7924,Boat
7925,Caterpillar
7926,Bicycle
7927,Car
7928,Car
7929,Car
7930,Car
7931,Car
7932,Bus
7933,Truck
7934,Boat
7935,Car
7936,Car
7937,Truck
7938,Helicopter
7939,Taxi
7940,Car
7941,Car
7942,Van
7943,Bicycle
7944,Car
7945,Boat
7946,Car
7947,Car
7948,Car
7949,Car
7950,Boat
7951,Car
7952,Car
7953,Bus
7954,Bicycle
7955,Car
7956,Boat
7957,Boat
